paper_id,source,url_or_doi,retrieved_date,license_note
pmc_PMC10002726,pmc_oa,10.1101/2023.03.01.530476,2026-03-15,CC BY-NC-ND
pmc_PMC10055067,pmc_oa,10.1101/2023.03.14.532547,2026-03-15,CC BY-NC-ND
pmc_PMC10055486,pmc_oa,https://pmc.ncbi.nlm.nih.gov/articles/PMC10055486/,2026-03-15,CC BY
pmc_PMC10055636,pmc_oa,10.21203/rs.3.rs-2665952/v1,2026-03-15,CC BY
pmc_PMC10081206,pmc_oa,10.1101/2023.03.27.534393,2026-03-15,CC BY-NC
pmc_PMC10081334,pmc_oa,10.1101/2023.03.31.534820,2026-03-15,CC BY-NC-ND
pmc_PMC10081437,pmc_oa,10.21203/rs.3.rs-2748914/v1,2026-03-15,CC BY
pmc_PMC10168315,pmc_oa,10.1101/2023.04.28.538728,2026-03-15,CC BY-NC-ND
pmc_PMC10168412,pmc_oa,10.1101/2023.04.19.23288834,2026-03-15,CC BY-NC-ND
pmc_PMC10187314,pmc_oa,10.1101/2023.05.04.539316,2026-03-15,CC BY-NC-ND
pmc_PMC10197546,pmc_oa,10.1101/2023.05.08.539853,2026-03-15,CC BY-ND
pmc_PMC10197604,pmc_oa,10.1101/2023.05.07.539784,2026-03-15,CC BY-NC
pmc_PMC10197606,pmc_oa,10.1101/2023.05.10.540136,2026-03-15,CC BY-NC
pmc_PMC10197655,pmc_oa,10.1101/2023.05.11.540469,2026-03-15,CC BY-NC-ND
pmc_PMC10197705,pmc_oa,10.1101/2023.05.12.540572,2026-03-15,CC BY-ND
pmc_PMC10197765,pmc_oa,10.21203/rs.3.rs-2802620/v1,2026-03-15,CC BY
pmc_PMC10245586,pmc_oa,10.1101/2023.05.15.540841,2026-03-15,CC BY
pmc_PMC10245733,pmc_oa,10.1101/2023.05.16.541004,2026-03-15,CC BY-NC-ND
pmc_PMC10262060,pmc_oa,10.1001/jamainternmed.2023.0699,2026-03-15,CC BY
pmc_PMC10274757,pmc_oa,10.1101/2023.06.07.544093,2026-03-15,CC BY-NC-ND
pmc_PMC10274795,pmc_oa,10.1101/2023.06.08.544134,2026-03-15,CC BY-ND
pmc_PMC10312515,pmc_oa,10.1101/2023.05.30.542711,2026-03-15,CC BY-NC-ND
pmc_PMC10312559,pmc_oa,10.1101/2023.05.31.543005,2026-03-15,CC0
pmc_PMC10327013,pmc_oa,10.1101/2023.06.27.546773,2026-03-15,CC BY-NC-ND
pmc_PMC10349952,pmc_oa,10.1101/2023.07.02.547431,2026-03-15,CC BY-NC-ND
pmc_PMC10350058,pmc_oa,10.1101/2023.07.07.547992,2026-03-15,CC BY-NC
pmc_PMC10369879,pmc_oa,10.1101/2023.07.09.548297,2026-03-15,CC BY-NC
pmc_PMC10369957,pmc_oa,10.1101/2023.07.13.548954,2026-03-15,CC BY-NC-ND
pmc_PMC10369986,pmc_oa,10.1101/2023.07.13.548768,2026-03-15,CC BY-NC-ND
pmc_PMC10370120,pmc_oa,10.1101/2023.07.19.549730,2026-03-15,CC BY-NC-ND
pmc_PMC10370125,pmc_oa,10.1101/2023.07.19.549724,2026-03-15,CC BY-NC-ND
pmc_PMC10370208,pmc_oa,10.1101/2023.07.21.550090,2026-03-15,CC BY-NC-ND
pmc_PMC10370231,pmc_oa,10.1101/2023.07.10.23292461,2026-03-15,CC BY-NC-ND
pmc_PMC10371174,pmc_oa,10.1101/2023.07.18.23292676,2026-03-15,CC BY-NC-ND
pmc_PMC10401998,pmc_oa,10.1101/2023.07.24.550410,2026-03-15,CC BY-NC-ND
pmc_PMC10441386,pmc_oa,10.1101/2023.08.10.552828,2026-03-15,CC BY-ND
pmc_PMC10441496,pmc_oa,10.1101/2023.03.11.23287111,2026-03-15,CC BY-NC-ND
pmc_PMC10462006,pmc_oa,10.1101/2023.08.14.553087,2026-03-15,CC BY-NC-ND
pmc_PMC10462174,pmc_oa,https://pmc.ncbi.nlm.nih.gov/articles/PMC10462174/,2026-03-15,CC BY
pmc_PMC10462198,pmc_oa,10.1101/2023.04.20.23288698,2026-03-15,CC BY-NC
pmc_PMC10462540,pmc_oa,10.1007/s00026-022-00615-1,2026-03-15,CC BY
pmc_PMC10473754,pmc_oa,10.1101/2023.08.22.554364,2026-03-15,CC BY-NC
pmc_PMC10473763,pmc_oa,10.1101/2023.08.25.554831,2026-03-15,CC BY-NC-ND
pmc_PMC10480244,pmc_oa,10.1007/s00018-023-04924-3,2026-03-15,CC BY
pmc_PMC10491370,pmc_oa,10.1101/2023.08.28.23294740,2026-03-15,CC BY-ND
pmc_PMC10516040,pmc_oa,10.1101/2023.09.15.558008,2026-03-15,CC BY-NC-ND
pmc_PMC10518621,pmc_oa,10.1016/j.xcrm.2023.101194,2026-03-15,CC BY-NC-ND
pmc_PMC10542132,pmc_oa,10.1101/2023.09.20.558699,2026-03-15,CC BY-NC-ND
pmc_PMC10557832,pmc_oa,10.1101/2023.09.28.23296245,2026-03-15,CC BY-NC
pmc_PMC10592797,pmc_oa,10.1101/2023.06.20.545767,2026-03-15,CC BY-NC-ND
pmc_PMC10614807,pmc_oa,10.1101/2023.10.13.562304,2026-03-15,CC BY-NC-ND
pmc_PMC10614945,pmc_oa,10.1101/2023.10.18.563016,2026-03-15,CC BY-NC-ND
pmc_PMC10635118,pmc_oa,10.1101/2023.11.03.565460,2026-03-15,CC BY
pmc_PMC10659177,pmc_oa,10.1371/journal.pone.0294457,2026-03-15,CC BY
pmc_PMC10687331,pmc_oa,10.1016/j.jor.2023.10.025,2026-03-15,CC BY-NC-ND
pmc_PMC10689205,pmc_oa,10.1016/j.jor.2023.11.012,2026-03-15,CC BY
pmc_PMC10690338,pmc_oa,10.1101/2023.09.13.23295278,2026-03-15,CC BY-NC-ND
pmc_PMC10703995,pmc_oa,10.1002/lary.30758,2026-03-15,CC BY-NC
pmc_PMC10705429,pmc_oa,10.1101/2023.11.29.569289,2026-03-15,CC BY-NC-ND
pmc_PMC10723859,pmc_oa,10.1097/CORR.0000000000002799,2026-03-15,CC BY-NC-ND
pmc_PMC10723896,pmc_oa,10.1097/CORR.0000000000002718,2026-03-15,CC BY
pmc_PMC10726164,pmc_oa,10.1261/rna.079797.123,2026-03-15,CC BY-NC
pmc_PMC10726166,pmc_oa,10.1261/rna.079752.123,2026-03-15,CC BY-NC
pmc_PMC10730029,pmc_oa,10.1200/JCO.23.01745,2026-03-15,CC BY-NC-ND
pmc_PMC10764092,pmc_oa,10.1159/000535580,2026-03-15,CC BY-NC
pmc_PMC10775853,pmc_oa,10.1159/000535029,2026-03-15,CC BY-NC
pmc_PMC10775854,pmc_oa,10.1159/000535438,2026-03-15,CC BY-NC
pmc_PMC10786611,pmc_oa,10.1681/ASN.0000000000000245,2026-03-15,CC BY
pmc_PMC10786615,pmc_oa,10.1681/ASN.0000000000000261,2026-03-15,CC BY-NC-ND
pmc_PMC10786616,pmc_oa,10.1681/ASN.0000000000000242,2026-03-15,CC BY
pmc_PMC10789497,pmc_oa,10.1159/000535775,2026-03-15,CC BY-NC
pmc_PMC10792104,pmc_oa,10.1002/ajmg.b.32952,2026-03-15,CC BY-NC-ND
pmc_PMC10803201,pmc_oa,10.1002/ajmg.b.32951,2026-03-15,CC BY
pmc_PMC10827041,pmc_oa,10.1101/2024.01.15.575736,2026-03-15,CC BY-NC-ND
pmc_PMC10827044,pmc_oa,10.1101/2024.01.15.575731,2026-03-15,CC BY-NC-ND
pmc_PMC10827646,pmc_oa,10.1542/peds.2023-062462,2026-03-15,CC BY-NC-ND
pmc_PMC10842250,pmc_oa,10.1016/j.jenvman.2023.119518,2026-03-15,CC BY-NC-ND
pmc_PMC10843183,pmc_oa,10.2215/CJN.0000000000000328,2026-03-15,CC BY-NC-ND
pmc_PMC10843202,pmc_oa,10.2215/CJN.0000000000000244,2026-03-15,CC BY
pmc_PMC10846602,pmc_oa,10.15288/jsad.22-00274,2026-03-15,CC BY
pmc_PMC10851165,pmc_oa,10.1002/cm.21820,2026-03-15,CC BY
pmc_PMC10852200,pmc_oa,10.26502/jcsct.5079218,2026-03-15,CC BY
pmc_PMC10854310,pmc_oa,10.21203/rs.3.rs-3864137/v1,2026-03-15,CC BY
pmc_PMC10865818,pmc_oa,10.1111/exd.15005,2026-03-15,CC BY-NC-ND
pmc_PMC10866152,pmc_oa,10.5751/es-14801-290108,2026-03-15,CC BY
pmc_PMC10890806,pmc_oa,10.1159/000536505,2026-03-15,CC BY-NC
pmc_PMC10896348,pmc_oa,10.1101/2024.01.25.577217,2026-03-15,CC BY-NC-ND
pmc_PMC10903935,pmc_oa,10.1101/lm.053871.123,2026-03-15,CC BY-NC
pmc_PMC10903941,pmc_oa,10.1101/lm.053895.123,2026-03-15,CC BY-NC
pmc_PMC10903945,pmc_oa,10.1101/lm.053892.123,2026-03-15,CC BY-NC
pmc_PMC10908257,pmc_oa,10.7717/peerj.17020,2026-03-15,CC BY
pmc_PMC10922000,pmc_oa,10.1016/j.ssaho.2024.100844,2026-03-15,CC BY
pmc_PMC10923095,pmc_oa,10.1016/j.jcct.2023.10.004,2026-03-15,CC BY
pmc_PMC10925171,pmc_oa,10.1101/2024.02.23.581824,2026-03-15,CC BY
pmc_PMC10942363,pmc_oa,10.1101/2024.03.04.583437,2026-03-15,CC BY
pmc_PMC10987185,pmc_oa,10.1159/000538271,2026-03-15,CC BY-NC
pmc_PMC10996725,pmc_oa,10.1101/2024.03.26.24304924,2026-03-15,CC BY-NC-ND
pmc_PMC10999114,pmc_oa,10.1016/j.jss.2023.08.015,2026-03-15,CC BY-NC-ND
pmc_PMC11001285,pmc_oa,10.1159/000538044,2026-03-15,CC BY-NC
pmc_PMC11010461,pmc_oa,10.1017/S0033291723001174,2026-03-15,CC BY
pmc_PMC11040502,pmc_oa,10.1098/rsbl.2024.0009,2026-03-15,CC BY
pmc_PMC11047336,pmc_oa,10.3390/bs14040295,2026-03-15,CC BY
pmc_PMC11047355,pmc_oa,10.3390/antibiotics13040352,2026-03-15,CC BY
pmc_PMC11047358,pmc_oa,10.3390/antibiotics13040370,2026-03-15,CC BY
pmc_PMC11047361,pmc_oa,10.3390/antibiotics13040325,2026-03-15,CC BY
pmc_PMC11047394,pmc_oa,10.3390/antibiotics13040342,2026-03-15,CC BY
pmc_PMC11047474,pmc_oa,10.3390/antibiotics13040360,2026-03-15,CC BY
pmc_PMC11047476,pmc_oa,10.3390/antibiotics13040343,2026-03-15,CC BY
pmc_PMC11047479,pmc_oa,10.3390/antibiotics13040334,2026-03-15,CC BY
pmc_PMC11047510,pmc_oa,10.3390/arm92020018,2026-03-15,CC BY
pmc_PMC11047580,pmc_oa,10.3390/antibiotics13040300,2026-03-15,CC BY
pmc_PMC11047592,pmc_oa,10.3390/bs14040331,2026-03-15,CC BY
pmc_PMC11047617,pmc_oa,10.3390/antibiotics13040323,2026-03-15,CC BY
pmc_PMC11047695,pmc_oa,10.3390/antibiotics13040358,2026-03-15,CC BY
pmc_PMC11047700,pmc_oa,10.3390/antibiotics13040314,2026-03-15,CC BY
pmc_PMC11047727,pmc_oa,10.3390/antibiotics13040291,2026-03-15,CC BY
pmc_PMC11047734,pmc_oa,10.3390/antibiotics13040289,2026-03-15,CC BY
pmc_PMC11048312,pmc_oa,10.3390/bios14040203,2026-03-15,CC BY
pmc_PMC11048355,pmc_oa,10.3390/biology13040255,2026-03-15,CC BY
pmc_PMC11048397,pmc_oa,10.3390/biology13040250,2026-03-15,CC BY
pmc_PMC11048422,pmc_oa,10.3390/biology13040244,2026-03-15,CC BY
pmc_PMC11048629,pmc_oa,10.3390/biology13040230,2026-03-15,CC BY
pmc_PMC11048645,pmc_oa,10.3390/biology13040212,2026-03-15,CC BY
pmc_PMC11048763,pmc_oa,10.3390/dj12040105,2026-03-15,CC BY
pmc_PMC11048804,pmc_oa,10.3390/cimb46040225,2026-03-15,CC BY
pmc_PMC11048877,pmc_oa,10.3390/curroncol31040140,2026-03-15,CC BY
pmc_PMC11048888,pmc_oa,10.3390/ejihpe14040064,2026-03-15,CC BY
pmc_PMC11048950,pmc_oa,10.3390/diseases12040069,2026-03-15,CC BY
pmc_PMC11048963,pmc_oa,10.3390/diagnostics14080847,2026-03-15,CC BY
pmc_PMC11048971,pmc_oa,10.3390/cimb46040176,2026-03-15,CC BY
pmc_PMC11049018,pmc_oa,10.3390/cells13080678,2026-03-15,CC BY
pmc_PMC11049050,pmc_oa,10.3390/cimb46040229,2026-03-15,CC BY
pmc_PMC11049085,pmc_oa,10.3390/ejihpe14040068,2026-03-15,CC BY
pmc_PMC11049134,pmc_oa,10.3390/diagnostics14080828,2026-03-15,CC BY
pmc_PMC11049175,pmc_oa,10.3390/cells13080663,2026-03-15,CC BY
pmc_PMC11049327,pmc_oa,10.3390/cells13080709,2026-03-15,CC BY
pmc_PMC11049353,pmc_oa,10.3390/cimb46040186,2026-03-15,CC BY
pmc_PMC11049379,pmc_oa,10.3390/cimb46040197,2026-03-15,CC BY
pmc_PMC11049401,pmc_oa,10.3390/dj12040115,2026-03-15,CC BY
pmc_PMC11049478,pmc_oa,10.3390/gels10040246,2026-03-15,CC BY
pmc_PMC11049508,pmc_oa,10.3390/diseases12040070,2026-03-15,CC BY
pmc_PMC11049526,pmc_oa,10.3390/ejihpe14040062,2026-03-15,CC BY
pmc_PMC11049642,pmc_oa,10.3390/cimb46040228,2026-03-15,CC BY
pmc_PMC11049659,pmc_oa,10.3390/cimb46040217,2026-03-15,CC BY
pmc_PMC11049697,pmc_oa,10.1097/MD.0000000000037902,2026-03-15,CC BY
pmc_PMC11049709,pmc_oa,10.1097/MD.0000000000037826,2026-03-15,CC BY-NC
pmc_PMC11049710,pmc_oa,10.1097/MD.0000000000038053,2026-03-15,CC BY
pmc_PMC11049718,pmc_oa,10.1097/MD.0000000000037960,2026-03-15,CC BY
pmc_PMC11049722,pmc_oa,10.1097/MD.0000000000037989,2026-03-15,CC BY
pmc_PMC11049755,pmc_oa,10.1097/MD.0000000000037735,2026-03-15,CC BY
pmc_PMC11049768,pmc_oa,10.1097/MD.0000000000037980,2026-03-15,CC BY-NC
pmc_PMC11049829,pmc_oa,10.3390/insects15040264,2026-03-15,CC BY
pmc_PMC11049893,pmc_oa,10.3390/insects15040225,2026-03-15,CC BY
pmc_PMC11049896,pmc_oa,10.3390/idr16020029,2026-03-15,CC BY
pmc_PMC11049961,pmc_oa,10.3390/insects15040267,2026-03-15,CC BY
pmc_PMC11049986,pmc_oa,10.3390/insects15040270,2026-03-15,CC BY
pmc_PMC11050001,pmc_oa,10.3390/healthcare12080819,2026-03-15,CC BY
pmc_PMC11050032,pmc_oa,10.3390/insects15040293,2026-03-15,CC BY
pmc_PMC11050053,pmc_oa,10.3390/insects15040272,2026-03-15,CC BY
pmc_PMC11050054,pmc_oa,10.3390/insects15040239,2026-03-15,CC BY
pmc_PMC11050065,pmc_oa,10.3390/insects15040280,2026-03-15,CC BY
pmc_PMC11050083,pmc_oa,10.3390/insects15040220,2026-03-15,CC BY
pmc_PMC11050086,pmc_oa,10.3390/insects15040268,2026-03-15,CC BY
pmc_PMC11050097,pmc_oa,10.3390/insects15040248,2026-03-15,CC BY
pmc_PMC11050099,pmc_oa,10.3390/insects15040217,2026-03-15,CC BY
pmc_PMC11050162,pmc_oa,10.3390/insects15040252,2026-03-15,CC BY
pmc_PMC11050190,pmc_oa,10.3390/insects15040250,2026-03-15,CC BY
pmc_PMC11050234,pmc_oa,10.3390/insects15040251,2026-03-15,CC BY
pmc_PMC11050314,pmc_oa,10.3390/idr16020026,2026-03-15,CC BY
pmc_PMC11050374,pmc_oa,10.3390/insects15040290,2026-03-15,CC BY
pmc_PMC11050381,pmc_oa,10.3390/insects15040289,2026-03-15,CC BY
pmc_PMC11050389,pmc_oa,10.3390/idr16020028,2026-03-15,CC BY
pmc_PMC11050438,pmc_oa,10.3390/insects15040253,2026-03-15,CC BY
pmc_PMC11050546,pmc_oa,10.3390/healthcare12080813,2026-03-15,CC BY
pmc_PMC11050558,pmc_oa,10.3390/insects15040261,2026-03-15,CC BY
pmc_PMC11050625,pmc_oa,10.3390/insects15040262,2026-03-15,CC BY
pmc_PMC11050660,pmc_oa,10.3390/healthcare12080808,2026-03-15,CC BY
pmc_PMC11050748,pmc_oa,10.4103/ijmr.ijmr_3530_21,2026-03-15,CC BY-NC-SA
pmc_PMC11050767,pmc_oa,10.3390/jof10040250,2026-03-15,CC BY
pmc_PMC11050789,pmc_oa,10.3390/jof10040298,2026-03-15,CC BY
pmc_PMC11050865,pmc_oa,10.3390/jof10040283,2026-03-15,CC BY
pmc_PMC11050870,pmc_oa,10.3390/md22040152,2026-03-15,CC BY
pmc_PMC11050907,pmc_oa,10.3390/jof10040252,2026-03-15,CC BY
pmc_PMC11050938,pmc_oa,10.3390/jof10040294,2026-03-15,CC BY
pmc_PMC11050959,pmc_oa,10.3390/jfb15040103,2026-03-15,CC BY
pmc_PMC11050982,pmc_oa,10.3390/jof10040275,2026-03-15,CC BY
pmc_PMC11050984,pmc_oa,10.3390/jof10040269,2026-03-15,CC BY
pmc_PMC11050985,pmc_oa,10.3390/jof10040297,2026-03-15,CC BY
pmc_PMC11051006,pmc_oa,10.3390/jof10040236,2026-03-15,CC BY
pmc_PMC11051025,pmc_oa,10.3390/jof10040256,2026-03-15,CC BY
pmc_PMC11051051,pmc_oa,10.3390/jof10040254,2026-03-15,CC BY
pmc_PMC11051070,pmc_oa,10.3390/md22040172,2026-03-15,CC BY
pmc_PMC11051100,pmc_oa,10.3390/jof10040295,2026-03-15,CC BY
pmc_PMC11051107,pmc_oa,10.3390/jof10040282,2026-03-15,CC BY
pmc_PMC11051132,pmc_oa,10.3390/md22040144,2026-03-15,CC BY
pmc_PMC11051201,pmc_oa,10.3390/jof10040281,2026-03-15,CC BY
pmc_PMC11051202,pmc_oa,10.3390/jintelligence12040042,2026-03-15,CC BY
pmc_PMC11051217,pmc_oa,10.3390/jof10040243,2026-03-15,CC BY
pmc_PMC11051317,pmc_oa,10.3390/jof10040272,2026-03-15,CC BY
pmc_PMC11051340,pmc_oa,10.3390/md22040189,2026-03-15,CC BY
pmc_PMC11051356,pmc_oa,10.3390/md22040167,2026-03-15,CC BY
pmc_PMC11051358,pmc_oa,10.3390/jof10040274,2026-03-15,CC BY
pmc_PMC11051396,pmc_oa,10.3390/md22040153,2026-03-15,CC BY
pmc_PMC11051444,pmc_oa,10.3390/md22040142,2026-03-15,CC BY
pmc_PMC11051449,pmc_oa,10.3390/md22040180,2026-03-15,CC BY
pmc_PMC11051484,pmc_oa,10.3390/md22040140,2026-03-15,CC BY
pmc_PMC11051496,pmc_oa,10.3390/jof10040264,2026-03-15,CC BY
pmc_PMC11051578,pmc_oa,10.3390/jof10040300,2026-03-15,CC BY
pmc_PMC11051615,pmc_oa,10.1371/journal.pone.0302284,2026-03-15,CC BY
pmc_PMC11051640,pmc_oa,10.1371/journal.pone.0302270,2026-03-15,CC BY
pmc_PMC11051646,pmc_oa,10.1371/journal.pone.0302259,2026-03-15,CC BY
pmc_PMC11051663,pmc_oa,10.1126/sciadv.adn3760,2026-03-15,CC BY-NC
pmc_PMC11051675,pmc_oa,10.1126/sciadv.adl2281,2026-03-15,CC BY-NC
pmc_PMC11051812,pmc_oa,10.3390/membranes14040085,2026-03-15,CC BY
pmc_PMC11052010,pmc_oa,10.3390/metabo14040239,2026-03-15,CC BY
pmc_PMC11052194,pmc_oa,10.3390/microorganisms12040672,2026-03-15,CC BY
pmc_PMC11052197,pmc_oa,10.3390/medicina60040596,2026-03-15,CC BY
pmc_PMC11052201,pmc_oa,10.3390/microorganisms12040650,2026-03-15,CC BY
pmc_PMC11052237,pmc_oa,10.3390/molecules29081798,2026-03-15,CC BY
pmc_PMC11052244,pmc_oa,10.3390/microorganisms12040789,2026-03-15,CC BY
pmc_PMC11052256,pmc_oa,10.3390/microorganisms12040667,2026-03-15,CC BY
pmc_PMC11052259,pmc_oa,10.3390/microorganisms12040678,2026-03-15,CC BY
pmc_PMC11052264,pmc_oa,10.3390/microorganisms12040700,2026-03-15,CC BY
pmc_PMC11052267,pmc_oa,10.3390/microorganisms12040637,2026-03-15,CC BY
pmc_PMC11052287,pmc_oa,10.3390/metabo14040241,2026-03-15,CC BY
pmc_PMC11052293,pmc_oa,10.3390/medicina60040584,2026-03-15,CC BY
pmc_PMC11052294,pmc_oa,10.3390/microorganisms12040812,2026-03-15,CC BY
pmc_PMC11052296,pmc_oa,10.3390/microorganisms12040835,2026-03-15,CC BY
pmc_PMC11052298,pmc_oa,10.3390/microorganisms12040768,2026-03-15,CC BY
pmc_PMC11052319,pmc_oa,10.3390/metabo14040224,2026-03-15,CC BY
pmc_PMC11052324,pmc_oa,10.3390/microorganisms12040832,2026-03-15,CC BY
pmc_PMC11052373,pmc_oa,10.3390/microorganisms12040659,2026-03-15,CC BY
pmc_PMC11052393,pmc_oa,10.3390/metabo14040216,2026-03-15,CC BY
pmc_PMC11052398,pmc_oa,10.3390/mi15040531,2026-03-15,CC BY
pmc_PMC11052408,pmc_oa,10.3390/molecules29081859,2026-03-15,CC BY
pmc_PMC11052518,pmc_oa,10.3390/microorganisms12040800,2026-03-15,CC BY
pmc_PMC11056095,pmc_oa,https://pmc.ncbi.nlm.nih.gov/articles/PMC11056095/,2026-03-15,CC BY-NC
pmc_PMC11071670,pmc_oa,10.2174/011573403X263414231101095310,2026-03-15,CC BY
pmc_PMC11071672,pmc_oa,10.2174/011573403X271096231203164216,2026-03-15,CC BY
pmc_PMC11071673,pmc_oa,10.2174/011573403X263417231107110618,2026-03-15,CC BY
pmc_PMC11071674,pmc_oa,10.2174/011573403X260319231016075216,2026-03-15,CC BY
pmc_PMC11071675,pmc_oa,10.2174/011573403X264660231210162041,2026-03-15,CC BY
pmc_PMC11071676,pmc_oa,10.2174/011573403X267162231011154808,2026-03-15,CC BY
pmc_PMC11071677,pmc_oa,10.2174/011573403X274886231227111902,2026-03-15,CC BY
pmc_PMC11071678,pmc_oa,10.2174/011573403X255256230919061018,2026-03-15,CC BY
pmc_PMC11071679,pmc_oa,10.2174/011573403X263956231129064455,2026-03-15,CC BY
pmc_PMC11107465,pmc_oa,10.2174/011573403X277223240206062319,2026-03-15,CC BY
pmc_PMC11107466,pmc_oa,10.2174/011573403X240302230925043500,2026-03-15,CC BY
pmc_PMC11107467,pmc_oa,10.2174/011573403X264963231128045500,2026-03-15,CC BY
pmc_PMC11107469,pmc_oa,10.2174/011573403X257173231222042846,2026-03-15,CC BY
pmc_PMC11107470,pmc_oa,10.2174/011573403X272750240109052319,2026-03-15,CC BY
pmc_PMC11107471,pmc_oa,10.2174/011573403X267793231220114042,2026-03-15,CC BY
pmc_PMC11107472,pmc_oa,10.2174/011573403X270178231228061314,2026-03-15,CC BY
pmc_PMC11107473,pmc_oa,10.2174/011573403X267669240125041203,2026-03-15,CC BY
pmc_PMC11107474,pmc_oa,10.2174/011573403X283174240110025442,2026-03-15,CC BY
pmc_PMC11118485,pmc_oa,10.1101/2024.05.13.593697,2026-03-15,CC BY-NC
pmc_PMC11129727,pmc_oa,10.1111/jcmm.18445,2026-03-15,CC BY
pmc_PMC11129731,pmc_oa,10.1111/jcmm.18317,2026-03-15,CC BY
pmc_PMC11131580,pmc_oa,10.1002/etc.5770,2026-03-15,CC BY
pmc_PMC11137742,pmc_oa,10.1016/j.jid.2023.05.029,2026-03-15,CC BY
pmc_PMC11156272,pmc_oa,10.1371/journal.pone.0300936,2026-03-15,CC BY
pmc_PMC11160563,pmc_oa,10.1101/2023.08.13.553101,2026-03-15,CC BY-NC-ND
pmc_PMC11167377,pmc_oa,10.1084/jem.20232091,2026-03-15,CC BY-NC-SA
pmc_PMC11185211,pmc_oa,10.1177/15357597241232883,2026-03-15,CC BY-NC
pmc_PMC11195278,pmc_oa,10.1101/2024.06.11.598498,2026-03-15,CC BY-NC-ND
pmc_PMC11211070,pmc_oa,10.1084/jem.20232068,2026-03-15,CC BY-NC-SA
pmc_PMC11213071,pmc_oa,10.1101/2024.06.13.24308783,2026-03-15,CC BY
pmc_PMC11215521,pmc_oa,10.1084/jem.20240849,2026-03-15,CC BY-NC-SA
pmc_PMC11215522,pmc_oa,10.1084/jem.20240940,2026-03-15,CC BY-NC-SA
pmc_PMC11215523,pmc_oa,10.1084/jem.20230911,2026-03-15,CC BY
pmc_PMC11215540,pmc_oa,10.1084/jem.20241027,2026-03-15,CC BY-NC-SA
pmc_PMC11215687,pmc_oa,10.1083/jcb.202311126,2026-03-15,CC BY-NC-SA
pmc_PMC11220925,pmc_oa,10.1016/j.ajpath.2024.02.017,2026-03-15,CC BY
pmc_PMC11237963,pmc_oa,10.1002/jnr.25278,2026-03-15,CC BY-NC-ND
pmc_PMC11249447,pmc_oa,10.1159/000539537,2026-03-15,CC BY-NC
pmc_PMC11249569,pmc_oa,10.1159/000539480,2026-03-15,CC BY-NC
pmc_PMC11249613,pmc_oa,10.1159/000538075,2026-03-15,CC BY-NC
pmc_PMC11250044,pmc_oa,10.1159/000539199,2026-03-15,CC BY-NC
pmc_PMC11252739,pmc_oa,10.1073/pnas.2317458121,2026-03-15,CC BY-NC-ND
pmc_PMC11252790,pmc_oa,10.1073/pnas.2303648121,2026-03-15,CC BY-NC-ND
pmc_PMC11252813,pmc_oa,10.1073/pnas.2320750121,2026-03-15,CC BY-NC-ND
pmc_PMC11252817,pmc_oa,10.1073/pnas.2321770121,2026-03-15,CC BY-NC-ND
pmc_PMC11252820,pmc_oa,10.1073/pnas.2302924121,2026-03-15,CC BY-NC-ND
pmc_PMC11252962,pmc_oa,10.1073/pnas.2408072121,2026-03-15,CC BY-NC-ND
pmc_PMC11253005,pmc_oa,10.1073/pnas.2405100121,2026-03-15,CC BY-NC-ND
pmc_PMC11253648,pmc_oa,10.1044/2024_AJSLP-23-00164,2026-03-15,CC BY-NC-ND
pmc_PMC11253809,pmc_oa,10.1044/2024_LSHSS-23-00180,2026-03-15,CC BY-NC
pmc_PMC11259182,pmc_oa,10.1080/10903127.2023.2183533,2026-03-15,CC BY-NC-ND
pmc_PMC11271030,pmc_oa,10.62401/2531-4122-2024-15,2026-03-15,CC BY-NC
pmc_PMC11284691,pmc_oa,10.2174/011573403X259676231222053709,2026-03-15,CC BY
pmc_PMC11284692,pmc_oa,10.2174/011573403X279782240206091322,2026-03-15,CC BY
pmc_PMC11284693,pmc_oa,10.2174/011573403X289842240307114736,2026-03-15,CC BY
pmc_PMC11284694,pmc_oa,10.2174/011573403X278550240221112636,2026-03-15,CC BY
pmc_PMC11284695,pmc_oa,10.2174/011573403X276984240304044109,2026-03-15,CC BY
pmc_PMC11284697,pmc_oa,10.2174/011573403X289572240206112303,2026-03-15,CC BY
pmc_PMC11284698,pmc_oa,10.2174/011573403X276647240217112151,2026-03-15,CC BY
pmc_PMC11311246,pmc_oa,10.1016/j.soard.2023.09.026,2026-03-15,CC BY
pmc_PMC11317902,pmc_oa,10.1016/j.ajpath.2024.03.002,2026-03-15,CC BY-NC-ND
pmc_PMC11317903,pmc_oa,10.1016/j.ajpath.2024.03.008,2026-03-15,CC BY
pmc_PMC11318356,pmc_oa,10.1016/j.bbamem.2023.184230,2026-03-15,CC BY-NC
pmc_PMC11327827,pmc_oa,10.2174/011573403X278440240209064408,2026-03-15,CC BY
pmc_PMC11327829,pmc_oa,10.2174/011573403X283768240124065853,2026-03-15,CC BY
pmc_PMC11327830,pmc_oa,10.2174/011573403X299265240405080030,2026-03-15,CC BY
pmc_PMC11327831,pmc_oa,10.2174/011573403X280737240221060630,2026-03-15,CC BY
pmc_PMC11327832,pmc_oa,10.2174/011573403X281390240219063817,2026-03-15,CC BY
pmc_PMC11327833,pmc_oa,10.2174/011573403X279223231227111737,2026-03-15,CC BY
pmc_PMC11329231,pmc_oa,10.1002/trtr.2265,2026-03-15,CC BY
pmc_PMC11337609,pmc_oa,10.2174/011573403X284831240408053528,2026-03-15,CC BY
pmc_PMC11337610,pmc_oa,10.2174/011573403X281926240417110330,2026-03-15,CC BY
pmc_PMC11337611,pmc_oa,10.2174/011573403X269909240320061952,2026-03-15,CC BY
pmc_PMC11337612,pmc_oa,10.2174/011573403X286573240422104647,2026-03-15,CC BY
pmc_PMC11337613,pmc_oa,10.2174/011573403X295560240530104352,2026-03-15,CC BY
pmc_PMC11361013,pmc_oa,10.3390/w16010011,2026-03-15,CC BY
pmc_PMC11368176,pmc_oa,10.1101/gr.278870.123,2026-03-15,CC BY-NC
pmc_PMC11368178,pmc_oa,10.1101/gr.278606.123,2026-03-15,CC BY-NC
pmc_PMC11368180,pmc_oa,10.1101/gr.278439.123,2026-03-15,CC BY-NC
pmc_PMC11368184,pmc_oa,10.1101/gr.278785.123,2026-03-15,CC BY-NC
pmc_PMC11368200,pmc_oa,10.1101/gr.278794.123,2026-03-15,CC BY-NC
pmc_PMC11368245,pmc_oa,10.1101/gad.351649.124,2026-03-15,CC BY-NC
pmc_PMC11368246,pmc_oa,10.1101/gad.351890.124,2026-03-15,CC BY-NC
pmc_PMC11402847,pmc_oa,10.1007/s12017-024-08804-2,2026-03-15,CC BY-NC-ND
pmc_PMC11405205,pmc_oa,10.3389/fgene.2024.1427205,2026-03-15,CC BY
pmc_PMC11419086,pmc_oa,10.1101/2024.09.12.612595,2026-03-15,CC BY
pmc_PMC11419549,pmc_oa,10.1016/j.placenta.2023.12.002,2026-03-15,CC BY-NC
pmc_PMC11440323,pmc_oa,10.2174/011573403X311031240703080650,2026-03-15,CC BY
pmc_PMC11440324,pmc_oa,10.2174/011573403X302934240715113647,2026-03-15,CC BY
pmc_PMC11440325,pmc_oa,10.2174/011573403X305835240715092532,2026-03-15,CC BY
pmc_PMC11440327,pmc_oa,10.2174/011573403X300384240529124517,2026-03-15,CC BY
pmc_PMC11440328,pmc_oa,10.2174/011573403X292850240719074112,2026-03-15,CC BY
pmc_PMC11440329,pmc_oa,10.2174/011573403X290326240703100925,2026-03-15,CC BY
pmc_PMC11440330,pmc_oa,10.2174/011573403X304090240705063536,2026-03-15,CC BY
pmc_PMC11440331,pmc_oa,10.2174/011573403X304195240715103930,2026-03-15,CC BY
pmc_PMC11440333,pmc_oa,10.2174/011573403X309363240730095253,2026-03-15,CC BY
pmc_PMC11444476,pmc_oa,10.46634/riics.240,2026-03-15,CC BY-NC-ND
pmc_PMC11485172,pmc_oa,10.18061/bhac.v8i2.9752,2026-03-15,CC BY-NC-ND
pmc_PMC11495566,pmc_oa,10.1371/journal.pone.0311838,2026-03-15,CC BY
pmc_PMC11512754,pmc_oa,10.1111/jcmm.70180,2026-03-15,CC BY
pmc_PMC11520222,pmc_oa,10.1002/ppul.26739,2026-03-15,CC BY
pmc_PMC11520266,pmc_oa,10.22037/ijcn.v18i1.36844,2026-03-15,CC BY-NC
pmc_PMC11520267,pmc_oa,10.22037/ijcn.v18i4.38524,2026-03-15,CC BY-NC
pmc_PMC11520268,pmc_oa,10.22037/ijcn.v18i4.43749,2026-03-15,CC BY-NC
pmc_PMC11520269,pmc_oa,10.22037/IJCN.V18I4.43760,2026-03-15,CC BY-NC
pmc_PMC11520270,pmc_oa,10.22037/ijcn.v18i4,2026-03-15,CC BY-NC
pmc_PMC11520271,pmc_oa,10.22037/ijcn.v18i4.43928,2026-03-15,CC BY-NC
pmc_PMC11520272,pmc_oa,https://pmc.ncbi.nlm.nih.gov/articles/PMC11520272/,2026-03-15,CC BY-NC
pmc_PMC11520273,pmc_oa,10.22037/ijcn.v18i4.45400,2026-03-15,CC BY-NC
pmc_PMC11520274,pmc_oa,10.22037/IJCN.V18I4.45110,2026-03-15,CC BY-NC
pmc_PMC11520275,pmc_oa,10.22037/ijcn.v18.43364,2026-03-15,CC BY-NC
pmc_PMC11520276,pmc_oa,10.22037/ijcn.v18i4.43818,2026-03-15,CC BY-NC
pmc_PMC11521417,pmc_oa,10.1159/000540209,2026-03-15,CC BY-NC
pmc_PMC11521451,pmc_oa,10.1159/000540666,2026-03-15,CC BY-NC
pmc_PMC11521514,pmc_oa,10.1159/000541165,2026-03-15,CC BY-NC
pmc_PMC11521540,pmc_oa,10.1159/000541166,2026-03-15,CC BY-NC
pmc_PMC11532167,pmc_oa,10.3389/fmed.2024.1491736,2026-03-15,CC BY
pmc_PMC11536471,pmc_oa,10.1016/j.jmoldx.2024.03.007,2026-03-15,CC BY
pmc_PMC11543922,pmc_oa,10.1016/j.rec.2024.04.007,2026-03-15,CC BY-NC-ND
pmc_PMC11555768,pmc_oa,10.1007/s10909-024-03209-8,2026-03-15,CC BY
pmc_PMC11560785,pmc_oa,10.3389/fphar.2024.1453647,2026-03-15,CC BY
pmc_PMC11565753,pmc_oa,10.1101/2024.10.29.620887,2026-03-15,CC BY-ND
pmc_PMC11574488,pmc_oa,10.2196/60291,2026-03-15,CC BY
pmc_PMC11574489,pmc_oa,10.2196/64221,2026-03-15,CC BY
pmc_PMC11574490,pmc_oa,10.2196/57611,2026-03-15,CC BY
pmc_PMC11574492,pmc_oa,10.2196/56386,2026-03-15,CC BY
pmc_PMC11574493,pmc_oa,10.2196/55502,2026-03-15,CC BY
pmc_PMC11574497,pmc_oa,10.2196/58711,2026-03-15,CC BY
pmc_PMC11574498,pmc_oa,10.2196/57433,2026-03-15,CC BY
pmc_PMC11574501,pmc_oa,10.2196/55870,2026-03-15,CC BY
pmc_PMC11574502,pmc_oa,10.2196/59490,2026-03-15,CC BY
pmc_PMC11574503,pmc_oa,10.2196/60165,2026-03-15,CC BY
pmc_PMC11574504,pmc_oa,10.2196/55067,2026-03-15,CC BY
pmc_PMC11579305,pmc_oa,10.1016/S2215-0366(24)00317-1,2026-03-15,CC BY
pmc_PMC11590663,pmc_oa,10.1210/endocr/bqae152,2026-03-15,CC BY-NC-ND
pmc_PMC11601130,pmc_oa,10.1080/10509674.2023.2286648,2026-03-15,CC BY-NC-ND
pmc_PMC11603545,pmc_oa,10.1177/03000605241301863,2026-03-15,CC BY
pmc_PMC11606653,pmc_oa,10.1210/endocr/bqae156,2026-03-15,CC BY
pmc_PMC11607743,pmc_oa,10.1177/03000605241300093,2026-03-15,CC BY-NC
pmc_PMC11611665,pmc_oa,10.1016/j.contraception.2024.110719,2026-03-15,CC BY-NC
pmc_PMC11614145,pmc_oa,10.1002/bies.202300054,2026-03-15,CC BY-NC-ND
pmc_PMC11617100,pmc_oa,10.1091/mbc.E24-06-0262,2026-03-15,none
pmc_PMC11619753,pmc_oa,10.1016/j.midw.2024.104196,2026-03-15,CC BY
pmc_PMC11622593,pmc_oa,10.1186/s12870-024-05891-y,2026-03-15,CC BY-NC-ND
pmc_PMC11630531,pmc_oa,10.1210/endocr/bqae155,2026-03-15,CC BY
pmc_PMC11631674,pmc_oa,10.1016/j.ydbio.2024.09.002,2026-03-15,CC BY
pmc_PMC11632961,pmc_oa,10.3390/lymphatics2040016,2026-03-15,CC BY
pmc_PMC11635094,pmc_oa,10.1016/j.ijheh.2024.114466,2026-03-15,CC BY-NC-ND
pmc_PMC11635096,pmc_oa,10.1016/j.jecp.2024.106072,2026-03-15,CC BY-NC
pmc_PMC11636773,pmc_oa,10.1007/s10493-023-00876-2,2026-03-15,CC BY
pmc_PMC11637915,pmc_oa,10.1016/j.metabol.2024.156045,2026-03-15,CC BY-NC-ND
pmc_PMC11645246,pmc_oa,10.1053/j.semnuclmed.2024.11.001,2026-03-15,CC BY
pmc_PMC11646177,pmc_oa,10.1016/j.ijrobp.2024.07.2334,2026-03-15,CC BY
pmc_PMC11646179,pmc_oa,10.1016/j.ejps.2024.106977,2026-03-15,CC BY-NC-ND
pmc_PMC11648927,pmc_oa,10.1261/rna.080216.124,2026-03-15,CC BY-NC
pmc_PMC11648930,pmc_oa,10.1261/rna.080106.124,2026-03-15,CC BY
pmc_PMC11648932,pmc_oa,10.1261/rna.080276.124,2026-03-15,CC BY
pmc_PMC11648934,pmc_oa,10.1261/rna.080163.124,2026-03-15,CC BY
pmc_PMC11648935,pmc_oa,10.1261/rna.080273.124,2026-03-15,CC BY-NC
pmc_PMC11649014,pmc_oa,https://pmc.ncbi.nlm.nih.gov/articles/PMC11649014/,2026-03-15,CC BY-NC
pmc_PMC11650001,pmc_oa,10.1210/endocr/bqae159,2026-03-15,CC BY-NC-ND
pmc_PMC11652706,pmc_oa,10.1016/j.ijid.2024.107291,2026-03-15,CC BY
pmc_PMC11655248,pmc_oa,10.1016/j.jadohealth.2024.08.013,2026-03-15,CC BY
pmc_PMC11658774,pmc_oa,10.1016/j.visres.2024.108519,2026-03-15,CC BY-NC-ND
pmc_PMC11659021,pmc_oa,10.1016/j.actbio.2024.10.050,2026-03-15,CC BY
pmc_PMC11659967,pmc_oa,10.5414/CN111489,2026-03-15,CC BY
pmc_PMC11661520,pmc_oa,10.1002/qua.70000,2026-03-15,CC BY
pmc_PMC11663095,pmc_oa,10.1016/j.amepre.2024.08.004,2026-03-15,CC BY
pmc_PMC11665108,pmc_oa,10.70322/bgd.2025.10001,2026-03-15,CC BY
pmc_PMC11668233,pmc_oa,10.1002/jcc.70007,2026-03-15,CC BY
pmc_PMC11670330,pmc_oa,10.1111/jmft.12670,2026-03-15,CC BY-NC-ND
pmc_PMC11672236,pmc_oa,10.1016/j.vaccine.2024.126519,2026-03-15,CC BY
pmc_PMC11674403,pmc_oa,10.1162/netn_a_00391,2026-03-15,CC BY
pmc_PMC11674572,pmc_oa,10.1162/netn_a_00390,2026-03-15,CC BY
pmc_PMC11675664,pmc_oa,10.1289/EHP14754,2026-03-15,none
pmc_PMC11676007,pmc_oa,10.4103/jwas.jwas_185_23,2026-03-15,CC BY-NC-SA
pmc_PMC11676008,pmc_oa,10.4103/jwas.jwas_92_23,2026-03-15,CC BY-NC-SA
pmc_PMC11676009,pmc_oa,10.4103/jwas.jwas_187_23,2026-03-15,CC BY-NC-SA
pmc_PMC11676010,pmc_oa,10.4103/jwas.jwas_135_23,2026-03-15,CC BY-NC-SA
pmc_PMC11676011,pmc_oa,10.4103/jwas.jwas_184_23,2026-03-15,CC BY-NC-SA
pmc_PMC11676012,pmc_oa,10.4103/jwas.jwas_150_23,2026-03-15,CC BY-NC-SA
pmc_PMC11676013,pmc_oa,10.4103/jwas.jwas_188_23,2026-03-15,CC BY-NC-SA
pmc_PMC11676014,pmc_oa,10.4103/jwas.jwas_129_23,2026-03-15,CC BY-NC-SA
pmc_PMC11676015,pmc_oa,10.4103/jwas.jwas_181_23,2026-03-15,CC BY-NC-SA
pmc_PMC11676016,pmc_oa,10.4103/jwas.jwas_284_22,2026-03-15,CC BY-NC-SA
pmc_PMC11676017,pmc_oa,10.4103/jwas.jwas_183_23,2026-03-15,CC BY-NC-SA
pmc_PMC11676018,pmc_oa,10.4103/jwas.jwas_162_23,2026-03-15,CC BY-NC-SA
pmc_PMC11676019,pmc_oa,10.4103/jwas.jwas_160_23,2026-03-15,CC BY-NC-SA
pmc_PMC11676020,pmc_oa,10.4103/jwas.jwas_178_23,2026-03-15,CC BY-NC-SA
pmc_PMC11676021,pmc_oa,10.4103/jwas.jwas_148_23,2026-03-15,CC BY-NC-SA
pmc_PMC11676023,pmc_oa,10.4103/jwas.jwas_244_22,2026-03-15,CC BY-NC-SA
pmc_PMC11676024,pmc_oa,10.4103/jwas.jwas_186_23,2026-03-15,CC BY-NC-SA
pmc_PMC11676025,pmc_oa,10.4103/jwas.jwas_179_23,2026-03-15,CC BY-NC-SA
pmc_PMC11676026,pmc_oa,10.4103/jwas.jwas_182_23,2026-03-15,CC BY-NC-SA
pmc_PMC11676027,pmc_oa,10.4103/jwas.jwas_306_22,2026-03-15,CC BY-NC-SA
pmc_PMC11681496,pmc_oa,10.1016/j.bbadis.2024.167557,2026-03-15,CC BY-NC-ND
pmc_PMC11684997,pmc_oa,10.1002/art.42979,2026-03-15,CC BY-NC-ND
pmc_PMC11684998,pmc_oa,10.1002/art.42975,2026-03-15,CC BY-NC-ND
pmc_PMC11685000,pmc_oa,10.1002/art.42983,2026-03-15,CC BY-NC
pmc_PMC11685001,pmc_oa,10.1002/art.42972,2026-03-15,CC BY-NC
pmc_PMC11685002,pmc_oa,10.1002/art.42964,2026-03-15,CC BY-NC-ND
pmc_PMC11685053,pmc_oa,10.1002/aah.10236,2026-03-15,CC BY-NC-ND
pmc_PMC11685054,pmc_oa,10.1002/aah.10231,2026-03-15,CC BY-NC-ND
pmc_PMC11685056,pmc_oa,10.1002/aah.10232,2026-03-15,CC BY
pmc_PMC11685057,pmc_oa,10.1111/ijd.17346,2026-03-15,CC BY-NC-ND
pmc_PMC11685059,pmc_oa,10.1111/ijd.17501,2026-03-15,CC BY-NC
pmc_PMC11685062,pmc_oa,10.1111/ijd.17413,2026-03-15,CC BY-NC-ND
pmc_PMC11685097,pmc_oa,10.1038/s41563-024-02011-x,2026-03-15,CC BY-NC-ND
pmc_PMC11685099,pmc_oa,10.1038/s41563-024-02048-y,2026-03-15,CC BY-NC-ND
pmc_PMC11685182,pmc_oa,10.1002/hbm.70112,2026-03-15,CC BY
pmc_PMC11685234,pmc_oa,10.1007/s11060-024-04827-8,2026-03-15,CC BY
pmc_PMC11685237,pmc_oa,10.1007/s11414-024-09906-2,2026-03-15,CC BY
pmc_PMC11685238,pmc_oa,10.1007/s11060-024-04840-x,2026-03-15,CC BY
pmc_PMC11685243,pmc_oa,10.1007/s11414-024-09902-6,2026-03-15,CC BY
pmc_PMC11685246,pmc_oa,10.1007/s11060-024-04845-6,2026-03-15,CC BY
pmc_PMC11685248,pmc_oa,10.1007/s11060-024-04842-9,2026-03-15,CC BY
pmc_PMC11685249,pmc_oa,10.1007/s11060-024-04828-7,2026-03-15,CC BY
pmc_PMC11685252,pmc_oa,10.1007/s11060-024-04844-7,2026-03-15,CC BY
pmc_PMC11685253,pmc_oa,10.1007/s11356-023-30151-1,2026-03-15,CC BY
pmc_PMC11685268,pmc_oa,10.1007/s11414-024-09919-x,2026-03-15,CC BY
pmc_PMC11685270,pmc_oa,10.1007/s11356-024-32971-1,2026-03-15,CC BY
pmc_PMC11685273,pmc_oa,10.1007/s11060-024-04848-3,2026-03-15,CC BY
pmc_PMC11685341,pmc_oa,10.4070/kcj.2024.0105,2026-03-15,CC BY-NC
pmc_PMC11685342,pmc_oa,10.4070/kcj.2024.0183,2026-03-15,CC BY-NC
pmc_PMC11685343,pmc_oa,10.4070/kcj.2024.0097,2026-03-15,CC BY-NC
pmc_PMC11685345,pmc_oa,10.4070/kcj.2024.0257,2026-03-15,CC BY-NC
pmc_PMC11685346,pmc_oa,10.4070/kcj.2024.0320,2026-03-15,CC BY-NC
pmc_PMC11685351,pmc_oa,10.4070/kcj.2024.0073,2026-03-15,CC BY-NC
pmc_PMC11685411,pmc_oa,10.1038/s41423-024-01242-x,2026-03-15,CC BY
pmc_PMC11685413,pmc_oa,10.1038/s41423-024-01238-7,2026-03-15,CC BY
pmc_PMC11685474,pmc_oa,10.1038/s41423-024-01234-x,2026-03-15,CC BY
pmc_PMC11685512,pmc_oa,10.14744/eej.2024.20981,2026-03-15,CC BY-NC
pmc_PMC11685513,pmc_oa,10.14744/eej.2024.30075,2026-03-15,CC BY-NC
pmc_PMC11685514,pmc_oa,10.14744/eej.2024.35219,2026-03-15,CC BY-NC
pmc_PMC11685515,pmc_oa,10.14744/eej.2024.49344,2026-03-15,CC BY-NC
pmc_PMC11685516,pmc_oa,10.14744/eej.2023.04274,2026-03-15,CC BY-NC
pmc_PMC11685517,pmc_oa,10.14744/eej.2024.75983,2026-03-15,CC BY-NC
pmc_PMC11685518,pmc_oa,10.14744/eej.2024.60783,2026-03-15,CC BY-NC
pmc_PMC11685519,pmc_oa,10.14744/eej.2024.45220,2026-03-15,CC BY-NC
pmc_PMC11685520,pmc_oa,10.14744/eej.2024.78300,2026-03-15,CC BY-NC
pmc_PMC11685521,pmc_oa,10.14744/eej.2024.93723,2026-03-15,CC BY-NC
pmc_PMC11685522,pmc_oa,10.14744/eej.2024.63308,2026-03-15,CC BY-NC
pmc_PMC11685523,pmc_oa,10.14744/eej.2024.75537,2026-03-15,CC BY-NC
pmc_PMC11685524,pmc_oa,10.14744/eej.2024.38980,2026-03-15,CC BY-NC
pmc_PMC11685525,pmc_oa,10.14744/eej.2024.53315,2026-03-15,CC BY-NC
pmc_PMC11685666,pmc_oa,10.1038/s41423-024-01245-8,2026-03-15,CC BY
pmc_PMC11686020,pmc_oa,10.2196/66049,2026-03-15,CC BY
pmc_PMC11686021,pmc_oa,10.2196/65506,2026-03-15,CC BY
pmc_PMC11686027,pmc_oa,10.2196/64343,2026-03-15,CC BY
pmc_PMC11686041,pmc_oa,10.1111/scs.13308,2026-03-15,CC BY
pmc_PMC11686042,pmc_oa,10.1111/scs.13300,2026-03-15,CC BY
pmc_PMC11686043,pmc_oa,10.1111/scs.13312,2026-03-15,CC BY
pmc_PMC11686098,pmc_oa,10.1038/s41423-024-01233-y,2026-03-15,CC BY
pmc_PMC11686117,pmc_oa,10.1038/s41423-024-01244-9,2026-03-15,CC BY
pmc_PMC11686423,pmc_oa,10.1021/acs.jcim.4c01691,2026-03-15,CC BY
pmc_PMC11686456,pmc_oa,10.1111/1754-9485.13737,2026-03-15,CC BY
pmc_PMC11686457,pmc_oa,10.1111/1754-9485.13757,2026-03-15,CC BY
pmc_PMC11686466,pmc_oa,10.1111/1754-9485.13662,2026-03-15,CC BY
pmc_PMC11686467,pmc_oa,10.1111/1754-9485.13668,2026-03-15,CC BY-NC
pmc_PMC11688205,pmc_oa,10.1177/10812865231199067,2026-03-15,CC BY-NC
pmc_PMC11688258,pmc_oa,10.1186/s40345-024-00366-3,2026-03-15,CC BY-NC-ND
pmc_PMC11688266,pmc_oa,10.1007/s12672-024-01675-w,2026-03-15,CC BY-NC-ND
pmc_PMC11688268,pmc_oa,10.1007/s00018-024-05565-w,2026-03-15,CC BY-NC-ND
pmc_PMC1617132,pmc_oa,10.1371/journal.pcbi.0020139,2026-03-15,CC BY
pmc_PMC1802755,pmc_oa,10.1371/journal.pbio.0050042,2026-03-15,CC0
pmc_PMC1868775,pmc_oa,10.1371/journal.pcbi.0030093,2026-03-15,CC BY
pmc_PMC1933473,pmc_oa,10.1371/journal.pcbi.0030138,2026-03-15,CC BY
pmc_PMC1945077,pmc_oa,10.1371/journal.pbio.0050192,2026-03-15,CC BY
pmc_PMC2041974,pmc_oa,10.1371/journal.pcbi.0030197,2026-03-15,CC BY
pmc_PMC2080650,pmc_oa,10.1371/journal.pbio.0050309,2026-03-15,CC BY
pmc_PMC2515109,pmc_oa,10.1371/journal.pcbi.1000153,2026-03-15,CC BY
pmc_PMC2518859,pmc_oa,10.1371/journal.pcbi.1000168,2026-03-15,CC BY
pmc_PMC2553841,pmc_oa,10.1371/journal.pbio.0060235,2026-03-15,CC BY
pmc_PMC2577108,pmc_oa,10.1186/1757-1626-1-235,2026-03-15,CC BY
pmc_PMC2615794,pmc_oa,10.1038/nm.1892,2026-03-15,none
pmc_PMC2643484,pmc_oa,10.1371/journal.pcbi.1000305,2026-03-15,CC BY
pmc_PMC2652106,pmc_oa,10.1371/journal.pcbi.1000326,2026-03-15,CC BY
pmc_PMC2707814,pmc_oa,10.2147/copd.2006.1.4.485,2026-03-15,none
pmc_PMC2720837,pmc_oa,10.1038/nmeth.1349,2026-03-15,none
pmc_PMC2753613,pmc_oa,10.1038/nature08109,2026-03-15,none
pmc_PMC2772164,pmc_oa,10.1038/nm.1939,2026-03-15,none
pmc_PMC3224128,pmc_oa,10.1186/1471-2180-11-188,2026-03-15,CC BY
pmc_PMC5742137,pmc_oa,10.3389/fphar.2017.00930,2026-03-15,CC BY
pmc_PMC6168235,pmc_oa,10.1085/jgp.201711979,2026-03-15,CC BY-NC-SA
pmc_PMC7134984,pmc_oa,10.1016/j.ccc.2019.06.001,2026-03-15,none
pmc_PMC7251357,pmc_oa,10.1016/j.apsb.2020.05.007,2026-03-15,CC BY-NC-ND
pmc_PMC7319939,pmc_oa,10.1016/j.apsb.2020.06.009,2026-03-15,CC BY-NC-ND
pmc_PMC7366118,pmc_oa,10.1016/j.dcmed.2020.06.006,2026-03-15,none
pmc_PMC7382925,pmc_oa,10.1016/j.ijsu.2020.07.032,2026-03-15,none
pmc_PMC7423341,pmc_oa,10.1016/j.ccm.2020.06.007,2026-03-15,none
pmc_PMC7426230,pmc_oa,10.1016/j.jobcr.2020.08.005,2026-03-15,none
pmc_PMC7435222,pmc_oa,10.1186/s12929-020-00680-9,2026-03-15,CC BY
pmc_PMC7436784,pmc_oa,10.1177/0300060520947937,2026-03-15,CC BY-NC
pmc_PMC7437112,pmc_oa,10.1007/s11071-020-05862-6,2026-03-15,CC BY
pmc_PMC7437271,pmc_oa,10.3389/fnagi.2020.00233,2026-03-15,CC BY
pmc_PMC7437332,pmc_oa,10.31557/APJCP.2020.21.3.815,2026-03-15,CC BY
pmc_PMC7437527,pmc_oa,10.3389/fmicb.2020.01936,2026-03-15,CC BY
pmc_PMC7437583,pmc_oa,10.4103/1673-5374.276336,2026-03-15,CC BY-NC-SA
pmc_PMC7437697,pmc_oa,10.1136/bmjgast-2020-000448,2026-03-15,CC BY-NC
pmc_PMC7437919,pmc_oa,10.1371/journal.pone.0237806,2026-03-15,CC BY
pmc_PMC7438022,pmc_oa,10.1128/mSystems.00452-20,2026-03-15,CC BY
pmc_PMC7438192,pmc_oa,10.3748/wjg.v26.i30.4378,2026-03-15,CC BY-NC
pmc_PMC7438348,pmc_oa,10.14218/JCTH.2019.00060,2026-03-15,CC BY-NC
pmc_PMC7438379,pmc_oa,10.3897/mycokeys.71.55009,2026-03-15,CC BY
pmc_PMC7438410,pmc_oa,10.3389/fmicb.2020.01941,2026-03-15,CC BY
pmc_PMC7438476,pmc_oa,10.3389/fphys.2020.00758,2026-03-15,CC BY
pmc_PMC7438565,pmc_oa,10.3389/fmicb.2020.01805,2026-03-15,CC BY
pmc_PMC7438567,pmc_oa,10.3389/fimmu.2020.01554,2026-03-15,CC BY
pmc_PMC7438590,pmc_oa,10.3389/fphar.2020.01230,2026-03-15,CC BY
pmc_PMC7438753,pmc_oa,10.3389/fpsyt.2020.00774,2026-03-15,CC BY
pmc_PMC7438795,pmc_oa,10.3389/fimmu.2020.01810,2026-03-15,CC BY
pmc_PMC7438913,pmc_oa,10.3389/fnagi.2020.00246,2026-03-15,CC BY
pmc_PMC7438946,pmc_oa,10.3389/fgene.2020.00859,2026-03-15,CC BY
pmc_PMC7439176,pmc_oa,10.1155/2020/8940582,2026-03-15,CC BY
pmc_PMC7439206,pmc_oa,10.1155/2020/3978702,2026-03-15,CC BY
pmc_PMC7439281,pmc_oa,10.2147/CCID.S240607,2026-03-15,CC BY-NC
pmc_PMC7439296,pmc_oa,10.1126/sciadv.aba0466,2026-03-15,CC BY-NC
pmc_PMC7439300,pmc_oa,10.5498/wjp.v10.i8.175,2026-03-15,CC BY-NC
pmc_PMC7439320,pmc_oa,10.1126/sciadv.aba8105,2026-03-15,CC BY-NC
pmc_PMC7439327,pmc_oa,10.1002/jcla.23343,2026-03-15,CC BY-NC-ND
pmc_PMC7439333,pmc_oa,10.1002/jcla.23310,2026-03-15,CC BY-NC
pmc_PMC7439348,pmc_oa,10.1002/jcla.23328,2026-03-15,CC BY
pmc_PMC7439357,pmc_oa,10.1002/jcla.23311,2026-03-15,CC BY
pmc_PMC7439407,pmc_oa,10.1126/sciadv.aay9597,2026-03-15,CC BY-NC
pmc_PMC7439423,pmc_oa,10.1002/jcla.23337,2026-03-15,CC BY-NC-ND
pmc_PMC7439430,pmc_oa,10.1002/jcla.23306,2026-03-15,CC BY-NC
pmc_PMC7439434,pmc_oa,10.1002/jcla.23351,2026-03-15,CC BY-NC-ND
pmc_PMC7439490,pmc_oa,10.2147/PGPM.S254470,2026-03-15,CC BY-NC
pmc_PMC7439679,pmc_oa,10.1186/s12884-020-03154-w,2026-03-15,CC BY
pmc_PMC7439682,pmc_oa,10.1186/s12874-020-01065-0,2026-03-15,CC BY
pmc_PMC7439928,pmc_oa,10.1161/CIRCGEN.119.002602,2026-03-15,CC BY-NC-ND
pmc_PMC7440026,pmc_oa,10.1016/j.red.2020.08.002,2026-03-15,none
pmc_PMC7440050,pmc_oa,10.1097/MD.0000000000020008,2026-03-15,CC BY-NC
pmc_PMC7440060,pmc_oa,10.1097/MD.0000000000018831,2026-03-15,CC BY-NC
pmc_PMC7440073,pmc_oa,10.1097/MD.0000000000019544,2026-03-15,CC BY
pmc_PMC7440080,pmc_oa,10.1016/j.eap.2020.08.002,2026-03-15,none
pmc_PMC7440083,pmc_oa,10.1016/j.chaos.2020.110227,2026-03-15,none
pmc_PMC7440341,pmc_oa,10.1097/MD.0000000000020098,2026-03-15,CC BY
pmc_PMC7440710,pmc_oa,10.1136/esmoopen-2020-000773,2026-03-15,CC BY-NC
pmc_PMC7440721,pmc_oa,10.1177/1533033820943244,2026-03-15,CC BY-NC
pmc_PMC7440800,pmc_oa,10.1128/AEM.01205-20,2026-03-15,CC BY
pmc_PMC7440889,pmc_oa,10.1177/2633105520942480,2026-03-15,CC BY-NC
pmc_PMC7441062,pmc_oa,10.1038/s41598-020-71051-5,2026-03-15,CC BY
pmc_PMC7441144,pmc_oa,10.1038/s41598-020-70934-x,2026-03-15,CC BY
pmc_PMC7441237,pmc_oa,10.1128/MRA.00715-20,2026-03-15,CC BY
pmc_PMC7441291,pmc_oa,10.1177/0300060520931313,2026-03-15,CC BY-NC
pmc_PMC7441295,pmc_oa,10.1167/iovs.61.10.11,2026-03-15,CC BY-NC-ND
pmc_PMC7441313,pmc_oa,10.1016/j.socscimed.2020.113222,2026-03-15,CC BY
pmc_PMC7441320,pmc_oa,10.1038/s41598-020-70765-w,2026-03-15,CC BY
pmc_PMC7441558,pmc_oa,10.1186/s12866-020-01943-z,2026-03-15,CC BY
pmc_PMC7441600,pmc_oa,10.3892/br.2020.1342,2026-03-15,CC BY-NC-ND
pmc_PMC7441637,pmc_oa,10.1186/s12864-020-06988-y,2026-03-15,CC BY
pmc_PMC7441704,pmc_oa,10.1186/s12866-020-01946-w,2026-03-15,CC BY
pmc_PMC7441731,pmc_oa,10.1186/s40168-020-00893-y,2026-03-15,CC BY
pmc_PMC7441905,pmc_oa,10.5195/jmla.2020.836,2026-03-15,CC BY
pmc_PMC7441920,pmc_oa,10.7717/peerj.9564,2026-03-15,CC BY
pmc_PMC7442409,pmc_oa,10.1093/advances/nmz095,2026-03-15,CC BY-NC
pmc_PMC7442427,pmc_oa,10.1016/j.cities.2020.102868,2026-03-15,none
pmc_PMC7442545,pmc_oa,10.1007/s12553-020-00474-x,2026-03-15,none
pmc_PMC7443013,pmc_oa,10.1155/2020/5854919,2026-03-15,CC BY
pmc_PMC7443063,pmc_oa,10.1016/j.jclepro.2020.123838,2026-03-15,none
pmc_PMC7443092,pmc_oa,10.7717/peerj.9721,2026-03-15,CC BY
pmc_PMC7443189,pmc_oa,10.1038/s41419-020-02912-0,2026-03-15,CC BY
pmc_PMC7443309,pmc_oa,10.1136/bmjpo-2020-000684,2026-03-15,CC BY
pmc_PMC7443400,pmc_oa,10.2147/PGPM.S258761,2026-03-15,CC BY-NC
pmc_PMC7443709,pmc_oa,10.1016/j.cub.2020.05.077,2026-03-15,CC BY
pmc_PMC7443806,pmc_oa,10.1017/S2045796020000633,2026-03-15,CC BY-NC-ND
pmc_PMC7443833,pmc_oa,10.5306/wjco.v11.i8.629,2026-03-15,CC BY-NC
pmc_PMC7443923,pmc_oa,10.1073/pnas.2007232117,2026-03-15,CC BY-NC-ND
pmc_PMC7444056,pmc_oa,10.1186/s13071-020-04304-x,2026-03-15,CC BY
pmc_PMC7444137,pmc_oa,10.1177/0300060520947627,2026-03-15,CC BY-NC
pmc_PMC7444160,pmc_oa,10.1007/s42399-020-00465-z,2026-03-15,none
pmc_PMC7444228,pmc_oa,10.1177/0963689720903691,2026-03-15,CC BY-NC
pmc_PMC7444324,pmc_oa,10.3892/etm.2020.9103,2026-03-15,CC BY-NC-ND
pmc_PMC7444522,pmc_oa,10.1371/journal.pgen.1008915,2026-03-15,CC BY
pmc_PMC7444542,pmc_oa,10.1371/journal.pone.0227469,2026-03-15,CC BY
pmc_PMC7444544,pmc_oa,10.1371/journal.pgen.1008953,2026-03-15,CC BY
pmc_PMC7444908,pmc_oa,10.1016/j.chaos.2020.110242,2026-03-15,none
pmc_PMC7444953,pmc_oa,10.1016/j.jstrokecerebrovasdis.2020.105260,2026-03-15,none
pmc_PMC7445165,pmc_oa,10.1038/s41398-020-00966-4,2026-03-15,CC BY
pmc_PMC7445166,pmc_oa,10.1038/s41540-020-00146-6,2026-03-15,CC BY
pmc_PMC7445214,pmc_oa,10.1186/s13568-020-01080-w,2026-03-15,CC BY
pmc_PMC7445256,pmc_oa,10.1038/s41598-020-71102-x,2026-03-15,CC BY
pmc_PMC7445275,pmc_oa,10.1038/s41598-020-71062-2,2026-03-15,CC BY
pmc_PMC7445792,pmc_oa,10.1093/synbio/ysx006,2026-03-15,CC BY
pmc_PMC7445978,pmc_oa,10.31557/APJCP.2020.21.4.1167,2026-03-15,CC BY
pmc_PMC7446052,pmc_oa,10.1186/s12913-020-05632-5,2026-03-15,CC BY
pmc_PMC7446165,pmc_oa,10.1186/s12881-020-01101-2,2026-03-15,CC BY
pmc_PMC7446191,pmc_oa,10.1186/s12891-020-03540-7,2026-03-15,CC BY
pmc_PMC7446226,pmc_oa,10.1186/s12957-020-01998-2,2026-03-15,CC BY
pmc_PMC7446709,pmc_oa,10.1016/j.apr.2020.08.028,2026-03-15,none
pmc_PMC7446796,pmc_oa,10.1371/journal.pone.0237541,2026-03-15,CC BY
pmc_PMC7446798,pmc_oa,10.1371/journal.pone.0237869,2026-03-15,CC BY
pmc_PMC7446807,pmc_oa,10.1371/journal.pone.0237135,2026-03-15,CC BY
pmc_PMC7446844,pmc_oa,10.1371/journal.pone.0237164,2026-03-15,CC BY
pmc_PMC7446861,pmc_oa,10.1371/journal.pone.0231801,2026-03-15,CC BY
pmc_PMC7447046,pmc_oa,10.1371/journal.pone.0238032,2026-03-15,CC BY
pmc_PMC7447135,pmc_oa,10.1093/jisesa/ieaa081,2026-03-15,CC BY
pmc_PMC7447183,pmc_oa,10.1097/ICL.0000000000000689,2026-03-15,CC BY-NC-ND
pmc_PMC7447302,pmc_oa,10.3892/ijmm.2020.4697,2026-03-15,CC BY-NC-ND
pmc_PMC7447315,pmc_oa,10.3892/ijmm.2020.4678,2026-03-15,CC BY-NC-ND
pmc_PMC7447398,pmc_oa,10.1097/MD.0000000000021821,2026-03-15,CC BY-NC
pmc_PMC7447401,pmc_oa,10.1097/MD.0000000000021635,2026-03-15,CC BY
pmc_PMC7447416,pmc_oa,10.1097/MD.0000000000021677,2026-03-15,CC BY
pmc_PMC7447452,pmc_oa,10.1097/MD.0000000000021783,2026-03-15,CC BY
pmc_PMC7447468,pmc_oa,10.1097/MD.0000000000021857,2026-03-15,CC BY
pmc_PMC7447477,pmc_oa,10.1097/MD.0000000000021843,2026-03-15,CC BY
pmc_PMC7447491,pmc_oa,10.1097/MD.0000000000021598,2026-03-15,CC BY-NC
pmc_PMC7447614,pmc_oa,10.1007/s10668-020-00956-y,2026-03-15,CC BY
pmc_PMC7447622,pmc_oa,10.1007/s00109-020-01936-5,2026-03-15,CC BY
pmc_PMC7447667,pmc_oa,10.1007/s00253-020-10821-7,2026-03-15,CC BY
pmc_PMC7447702,pmc_oa,10.1186/s40635-020-00336-w,2026-03-15,CC BY
pmc_PMC7447975,pmc_oa,10.1016/j.aap.2020.105596,2026-03-15,CC BY
pmc_PMC7448237,pmc_oa,10.1155/2020/9825028,2026-03-15,CC BY
pmc_PMC7448276,pmc_oa,10.1128/mBio.01545-20,2026-03-15,CC BY
pmc_PMC7448286,pmc_oa,10.1210/jendso/bvaa106,2026-03-15,CC BY-NC-ND
pmc_PMC7448411,pmc_oa,10.3892/or.2020.7703,2026-03-15,CC BY-NC-ND
pmc_PMC7448732,pmc_oa,10.1016/j.jbef.2020.100387,2026-03-15,none
pmc_PMC7448927,pmc_oa,10.1080/20002297.2020.1773067,2026-03-15,CC BY
pmc_PMC7448937,pmc_oa,10.1210/jendso/bvaa096,2026-03-15,CC BY-NC-ND
pmc_PMC7449045,pmc_oa,10.1186/s13020-020-00371-5,2026-03-15,CC BY
pmc_PMC7449369,pmc_oa,10.1038/s41597-020-00593-0,2026-03-15,CC BY
pmc_PMC7449567,pmc_oa,10.1136/bmjdrc-2020-001255,2026-03-15,CC BY-NC
pmc_PMC7449609,pmc_oa,10.1128/mSystems.00668-20,2026-03-15,CC BY
pmc_PMC7449625,pmc_oa,10.1128/mSphere.00742-20,2026-03-15,CC BY
pmc_PMC7449908,pmc_oa,10.7150/thno.42971,2026-03-15,CC BY
pmc_PMC7449937,pmc_oa,10.1016/j.ijid.2020.08.055,2026-03-15,none
pmc_PMC7450312,pmc_oa,10.1155/2020/6587136,2026-03-15,CC BY
pmc_PMC7450324,pmc_oa,10.1155/2020/8380473,2026-03-15,CC BY
pmc_PMC7450463,pmc_oa,10.1177/2515841420942662,2026-03-15,CC BY-NC
pmc_PMC7450472,pmc_oa,10.12688/f1000research.24164.1,2026-03-15,CC BY
pmc_PMC7450495,pmc_oa,10.1021/acsomega.0c01689,2026-03-15,none
pmc_PMC7451432,pmc_oa,10.1016/j.breast.2020.08.004,2026-03-15,CC BY-NC-ND
pmc_PMC7451524,pmc_oa,10.1371/journal.pntd.0008251,2026-03-15,CC BY
pmc_PMC7451583,pmc_oa,10.1016/j.cjtee.2020.06.001,2026-03-15,CC BY-NC-ND
pmc_PMC7451594,pmc_oa,10.1016/j.sjbs.2020.05.036,2026-03-15,CC BY-NC-ND
pmc_PMC7451603,pmc_oa,10.1016/j.sjbs.2020.04.015,2026-03-15,CC BY-NC-ND
pmc_PMC7451641,pmc_oa,10.1371/journal.pone.0238017,2026-03-15,CC BY
pmc_PMC7451671,pmc_oa,10.1016/j.waojou.2020.100452,2026-03-15,CC BY-NC-ND
pmc_PMC7451770,pmc_oa,10.3114/fuse.2020.06.15,2026-03-15,CC BY-NC-ND
pmc_PMC7451774,pmc_oa,10.3114/fuse.2020.06.04,2026-03-15,CC BY-NC-ND
pmc_PMC7451796,pmc_oa,10.1016/j.redox.2020.101677,2026-03-15,CC BY-NC-ND
pmc_PMC7451820,pmc_oa,10.1016/j.ssmph.2019.100459,2026-03-15,CC BY-NC-ND
pmc_PMC7451843,pmc_oa,10.20463/pan.2020.0003,2026-03-15,CC BY
pmc_PMC7451922,pmc_oa,10.1016/j.bioactmat.2020.06.022,2026-03-15,CC BY-NC-ND
pmc_PMC7452049,pmc_oa,10.1016/j.apsb.2020.01.003,2026-03-15,CC BY-NC-ND
pmc_PMC7452091,pmc_oa,10.1016/j.simyco.2020.03.001,2026-03-15,CC BY-NC-ND
pmc_PMC7452269,pmc_oa,10.1016/j.simyco.2020.05.001,2026-03-15,CC BY-NC-ND
pmc_PMC7452440,pmc_oa,10.1016/j.heliyon.2020.e04679,2026-03-15,CC BY-NC-ND
pmc_PMC7452441,pmc_oa,10.1016/j.heliyon.2020.e04701,2026-03-15,CC BY-NC-ND
pmc_PMC7452457,pmc_oa,10.1016/j.heliyon.2020.e04707,2026-03-15,CC BY-NC-ND
pmc_PMC7452468,pmc_oa,10.1016/j.heliyon.2020.e04461,2026-03-15,CC BY-NC-ND
pmc_PMC7452544,pmc_oa,10.1016/j.gendis.2020.01.014,2026-03-15,CC BY-NC-ND
pmc_PMC7452650,pmc_oa,10.1016/j.ijppaw.2020.07.008,2026-03-15,CC BY-NC-ND
pmc_PMC7452888,pmc_oa,10.1038/s41597-020-00609-9,2026-03-15,CC BY
pmc_PMC7452910,pmc_oa,10.3897/zookeys.962.54477,2026-03-15,CC BY
pmc_PMC7453129,pmc_oa,10.3114/fuse.2020.06.13,2026-03-15,CC BY-NC-ND
pmc_PMC7453130,pmc_oa,10.3114/fuse.2020.06.06,2026-03-15,CC BY-NC-ND
pmc_PMC7453272,pmc_oa,10.1155/2020/5458063,2026-03-15,CC BY
pmc_PMC7453278,pmc_oa,10.1128/MRA.00363-20,2026-03-15,CC BY
pmc_PMC7453719,pmc_oa,10.1186/s12906-020-03058-4,2026-03-15,CC BY
pmc_PMC7453720,pmc_oa,10.1186/s12916-020-01699-3,2026-03-15,CC BY
pmc_PMC7454186,pmc_oa,10.1136/bmjgh-2019-002205,2026-03-15,CC BY
pmc_PMC7454957,pmc_oa,10.1371/journal.pone.0237260,2026-03-15,CC BY
pmc_PMC7454960,pmc_oa,10.1371/journal.pone.0238185,2026-03-15,CC BY
pmc_PMC7455043,pmc_oa,10.1371/journal.pone.0238252,2026-03-15,CC BY
pmc_PMC7455071,pmc_oa,10.1080/17538947.2019.1572799,2026-03-15,CC BY
pmc_PMC7455189,pmc_oa,10.1126/sciadv.abb4591,2026-03-15,CC BY-NC
pmc_PMC7455240,pmc_oa,10.1016/j.jairtraman.2020.101918,2026-03-15,none
pmc_PMC7455592,pmc_oa,10.2147/RMHP.S263625,2026-03-15,CC BY-NC
pmc_PMC7455693,pmc_oa,10.1038/s41467-020-18127-y,2026-03-15,CC BY
pmc_PMC7455754,pmc_oa,10.2147/OTT.S263858,2026-03-15,CC BY-NC
pmc_PMC7455838,pmc_oa,10.1155/2020/7936434,2026-03-15,CC BY
pmc_PMC7455877,pmc_oa,10.2196/19389,2026-03-15,CC BY
pmc_PMC7455899,pmc_oa,10.1186/s13046-020-01682-z,2026-03-15,CC BY
pmc_PMC7455989,pmc_oa,10.1186/s12967-020-02495-6,2026-03-15,CC BY
pmc_PMC7456104,pmc_oa,10.1073/pnas.2001813117,2026-03-15,CC BY-NC-ND
pmc_PMC7456259,pmc_oa,10.7717/peerj.9643,2026-03-15,CC BY
pmc_PMC7456385,pmc_oa,10.1186/s13019-020-01275-z,2026-03-15,CC BY
pmc_PMC7456418,pmc_oa,10.1007/s11418-020-01431-8,2026-03-15,CC BY
pmc_PMC7456489,pmc_oa,10.1155/2020/2343817,2026-03-15,CC BY
pmc_PMC7456504,pmc_oa,10.1186/s12944-020-01365-w,2026-03-15,CC BY
pmc_PMC7456508,pmc_oa,10.1186/s12974-020-01937-8,2026-03-15,CC BY
pmc_PMC7456532,pmc_oa,10.7717/peerj.9806,2026-03-15,CC BY
pmc_PMC7456582,pmc_oa,10.1016/j.envres.2020.110148,2026-03-15,none
pmc_PMC7456627,pmc_oa,10.7759/cureus.10103,2026-03-15,CC BY
pmc_PMC7456643,pmc_oa,10.1183/23120541.00168-2020,2026-03-15,CC BY-NC
pmc_PMC7456698,pmc_oa,10.1136/vr.105434,2026-03-15,CC BY-NC
pmc_PMC7456731,pmc_oa,10.1136/gutjnl-2019-319127,2026-03-15,CC BY-NC
pmc_PMC7456744,pmc_oa,10.1136/gutjnl-2019-319696,2026-03-15,CC BY-NC
pmc_PMC7456794,pmc_oa,10.1016/j.neurobiolaging.2020.06.010,2026-03-15,CC BY
pmc_PMC7456834,pmc_oa,10.3389/fpls.2020.01140,2026-03-15,CC BY
pmc_PMC7456858,pmc_oa,10.3389/fpsyt.2020.00804,2026-03-15,CC BY
pmc_PMC7456889,pmc_oa,10.3389/fmicb.2020.01788,2026-03-15,CC BY
pmc_PMC7456893,pmc_oa,10.3389/fonc.2020.01341,2026-03-15,CC BY
pmc_PMC7456901,pmc_oa,10.3389/fvets.2020.00483,2026-03-15,CC BY
pmc_PMC7456996,pmc_oa,10.3389/fimmu.2020.01783,2026-03-15,CC BY
pmc_PMC7457078,pmc_oa,10.1042/BSR20193312,2026-03-15,CC BY
pmc_PMC7457132,pmc_oa,10.3389/fmicb.2020.01830,2026-03-15,CC BY
pmc_PMC7457228,pmc_oa,10.1042/BSR20200894,2026-03-15,CC BY
pmc_PMC7457492,pmc_oa,10.1186/s12866-020-01956-8,2026-03-15,CC BY
pmc_PMC7457505,pmc_oa,10.1186/s13071-020-04310-z,2026-03-15,CC BY
pmc_PMC7457523,pmc_oa,10.1186/s12870-020-02581-3,2026-03-15,CC BY
pmc_PMC7457549,pmc_oa,10.2147/PGPM.S250076,2026-03-15,CC BY-NC
pmc_PMC7457774,pmc_oa,10.2147/IDR.S263196,2026-03-15,CC BY-NC
pmc_PMC7457797,pmc_oa,10.1186/s12920-020-00768-z,2026-03-15,CC BY
pmc_PMC7457807,pmc_oa,10.1186/s13023-020-01512-7,2026-03-15,CC BY
pmc_PMC7457862,pmc_oa,10.2147/CCID.S224418,2026-03-15,CC BY-NC
pmc_PMC7458076,pmc_oa,10.1590/S1678-9946202062062,2026-03-15,CC BY-NC
pmc_PMC7458201,pmc_oa,10.1097/MD.0000000000021997,2026-03-15,CC BY-NC
pmc_PMC7458444,pmc_oa,10.1126/sciadv.abb9153,2026-03-15,CC BY-NC
pmc_PMC7458486,pmc_oa,10.1210/clinem/dgaa382,2026-03-15,CC BY
pmc_PMC7458569,pmc_oa,10.1590/1518-8345.4072.3342,2026-03-15,CC BY
pmc_PMC7458706,pmc_oa,10.7759/cureus.9499,2026-03-15,CC BY
pmc_PMC7458781,pmc_oa,10.1007/s40609-020-00190-4,2026-03-15,none
pmc_PMC7458794,pmc_oa,10.4110/in.2020.20.e32,2026-03-15,CC BY-NC
pmc_PMC7459048,pmc_oa,10.1186/s13568-020-01092-6,2026-03-15,CC BY
pmc_PMC7459142,pmc_oa,10.2147/TACG.S261781,2026-03-15,CC BY-NC
pmc_PMC7459279,pmc_oa,10.1038/s41598-020-71241-1,2026-03-15,CC BY
pmc_PMC7459337,pmc_oa,10.1016/j.techfore.2020.120255,2026-03-15,none
pmc_PMC7459350,pmc_oa,10.1038/s41598-020-71288-0,2026-03-15,CC BY
pmc_PMC7459358,pmc_oa,10.1016/j.techfore.2020.120282,2026-03-15,none
pmc_PMC7459453,pmc_oa,10.3390/pathogens9080623,2026-03-15,CC BY
pmc_PMC7459458,pmc_oa,10.3390/pathogens9080667,2026-03-15,CC BY
pmc_PMC7459502,pmc_oa,10.3390/ani10081340,2026-03-15,CC BY
pmc_PMC7459581,pmc_oa,10.3390/ani10081293,2026-03-15,CC BY
pmc_PMC7459586,pmc_oa,10.3390/ijerph17165659,2026-03-15,CC BY
pmc_PMC7459592,pmc_oa,10.3390/antibiotics9080476,2026-03-15,CC BY
pmc_PMC7459599,pmc_oa,10.3390/pathogens9080665,2026-03-15,CC BY
pmc_PMC7459632,pmc_oa,10.3390/pathogens9080657,2026-03-15,CC BY
pmc_PMC7459669,pmc_oa,10.3390/antibiotics9080444,2026-03-15,CC BY
pmc_PMC7459721,pmc_oa,10.3390/biomedicines8080268,2026-03-15,CC BY
pmc_PMC7459810,pmc_oa,10.3390/ijerph17165830,2026-03-15,CC BY
pmc_PMC7459831,pmc_oa,10.3390/ijerph17165699,2026-03-15,CC BY
pmc_PMC7459849,pmc_oa,10.3390/ani10081401,2026-03-15,CC BY
pmc_PMC7459862,pmc_oa,10.3390/ijerph17165958,2026-03-15,CC BY
pmc_PMC7459930,pmc_oa,10.3390/ijerph17165837,2026-03-15,CC BY
pmc_PMC7459933,pmc_oa,10.3390/pathogens9080628,2026-03-15,CC BY
pmc_PMC7460008,pmc_oa,10.3390/antibiotics9080462,2026-03-15,CC BY
pmc_PMC7460038,pmc_oa,10.3390/ijerph17165712,2026-03-15,CC BY
pmc_PMC7460103,pmc_oa,10.3390/md18080419,2026-03-15,CC BY
pmc_PMC7460190,pmc_oa,10.3390/life10080136,2026-03-15,CC BY
pmc_PMC7460203,pmc_oa,10.3390/ani10081289,2026-03-15,CC BY
pmc_PMC7460214,pmc_oa,10.3390/md18080422,2026-03-15,CC BY
pmc_PMC7460243,pmc_oa,10.3390/ani10081261,2026-03-15,CC BY
pmc_PMC7460256,pmc_oa,10.3390/ani10081292,2026-03-15,CC BY
pmc_PMC7460315,pmc_oa,10.3390/diagnostics10080575,2026-03-15,CC BY
pmc_PMC7460331,pmc_oa,10.3390/antibiotics9080450,2026-03-15,CC BY
pmc_PMC7460338,pmc_oa,10.3390/life10080133,2026-03-15,CC BY
pmc_PMC7460354,pmc_oa,10.3390/antibiotics9080510,2026-03-15,CC BY
pmc_PMC7460405,pmc_oa,10.3390/antibiotics9080487,2026-03-15,CC BY
pmc_PMC7460431,pmc_oa,10.3390/pathogens9080604,2026-03-15,CC BY
pmc_PMC7460432,pmc_oa,10.3390/antibiotics9080502,2026-03-15,CC BY
pmc_PMC7460454,pmc_oa,10.3390/ani10081372,2026-03-15,CC BY
pmc_PMC7460457,pmc_oa,10.3390/ijerph17165694,2026-03-15,CC BY
pmc_PMC7460464,pmc_oa,10.3390/ani10081421,2026-03-15,CC BY
pmc_PMC7460466,pmc_oa,10.3390/ani10081325,2026-03-15,CC BY
pmc_PMC7460504,pmc_oa,10.3390/ijerph17165674,2026-03-15,CC BY
pmc_PMC7460513,pmc_oa,10.3390/antibiotics9080455,2026-03-15,CC BY
pmc_PMC7460534,pmc_oa,10.3390/pathogens9080639,2026-03-15,CC BY
pmc_PMC7460535,pmc_oa,10.3390/antibiotics9080509,2026-03-15,CC BY
pmc_PMC7460570,pmc_oa,10.3390/ijms21165920,2026-03-15,CC BY
pmc_PMC7460634,pmc_oa,10.3390/ijms21165641,2026-03-15,CC BY
pmc_PMC7460658,pmc_oa,10.3390/ijms21165619,2026-03-15,CC BY
pmc_PMC7460666,pmc_oa,10.3390/ijms21165903,2026-03-15,CC BY
pmc_PMC7460749,pmc_oa,10.1186/s12881-020-01110-1,2026-03-15,CC BY
pmc_PMC7461331,pmc_oa,10.1186/s12915-020-00843-y,2026-03-15,CC BY
pmc_PMC7461595,pmc_oa,10.3390/ijms21165837,2026-03-15,CC BY
pmc_PMC7461978,pmc_oa,10.3389/fcimb.2020.00415,2026-03-15,CC BY
pmc_PMC7462034,pmc_oa,10.1089/jir.2020.0111,2026-03-15,CC BY-NC
pmc_PMC7462233,pmc_oa,10.1136/bmjopen-2019-034613,2026-03-15,CC BY-NC
pmc_PMC7462269,pmc_oa,10.1371/journal.pone.0238098,2026-03-15,CC BY
pmc_PMC7462270,pmc_oa,10.1371/journal.pone.0237566,2026-03-15,CC BY
pmc_PMC7462525,pmc_oa,10.1016/j.worlddev.2020.105171,2026-03-15,none
pmc_PMC7462607,pmc_oa,10.7554/eLife.59994,2026-03-15,CC BY
pmc_PMC7462800,pmc_oa,10.3347/kjp.2020.58.4.373,2026-03-15,CC BY-NC
pmc_PMC7462803,pmc_oa,10.3347/kjp.2020.58.4.451,2026-03-15,CC BY-NC
pmc_PMC7462807,pmc_oa,10.3347/kjp.2020.58.4.445,2026-03-15,CC BY-NC
pmc_PMC7462828,pmc_oa,10.3345/cep.2019.00500,2026-03-15,CC BY-NC
pmc_PMC7462893,pmc_oa,10.1016/j.japwor.2020.101035,2026-03-15,none
pmc_PMC7463023,pmc_oa,10.1038/s41525-020-00141-0,2026-03-15,CC BY
pmc_PMC7463237,pmc_oa,10.1038/s41598-020-71468-y,2026-03-15,CC BY
pmc_PMC7463257,pmc_oa,10.1038/s41598-020-71427-7,2026-03-15,CC BY
pmc_PMC7463302,pmc_oa,10.1042/BSR20193637,2026-03-15,CC BY
pmc_PMC7463445,pmc_oa,10.3390/brainsci10080476,2026-03-15,CC BY
pmc_PMC7463471,pmc_oa,10.3390/plants9080996,2026-03-15,CC BY
pmc_PMC7463520,pmc_oa,10.3390/genes11080844,2026-03-15,CC BY
pmc_PMC7463560,pmc_oa,10.3390/antiox9080655,2026-03-15,CC BY
pmc_PMC7463576,pmc_oa,10.3390/microorganisms8081162,2026-03-15,CC BY
pmc_PMC7463578,pmc_oa,10.3390/microorganisms8081132,2026-03-15,CC BY
pmc_PMC7463607,pmc_oa,10.3390/microorganisms8081160,2026-03-15,CC BY
pmc_PMC7463616,pmc_oa,10.3390/microorganisms8081246,2026-03-15,CC BY
pmc_PMC7463816,pmc_oa,10.3390/microorganisms8081111,2026-03-15,CC BY
pmc_PMC7463838,pmc_oa,10.3390/membranes10080181,2026-03-15,CC BY
pmc_PMC7463872,pmc_oa,10.3390/biom10081187,2026-03-15,CC BY
pmc_PMC7463890,pmc_oa,10.3390/brainsci10080532,2026-03-15,CC BY
pmc_PMC7463897,pmc_oa,10.3390/genes11080895,2026-03-15,CC BY
pmc_PMC7463899,pmc_oa,10.3390/jcm9082482,2026-03-15,CC BY
pmc_PMC7463948,pmc_oa,10.3390/microorganisms8081196,2026-03-15,CC BY
pmc_PMC7464081,pmc_oa,10.3390/genes11080841,2026-03-15,CC BY
pmc_PMC7464097,pmc_oa,10.3390/plants9080974,2026-03-15,CC BY
pmc_PMC7464108,pmc_oa,10.3390/microorganisms8081143,2026-03-15,CC BY
pmc_PMC7464109,pmc_oa,10.3390/polym12081776,2026-03-15,CC BY
pmc_PMC7464125,pmc_oa,10.3390/microorganisms8081190,2026-03-15,CC BY
pmc_PMC7464143,pmc_oa,10.3390/microorganisms8081126,2026-03-15,CC BY
pmc_PMC7464152,pmc_oa,10.3390/jcm9082353,2026-03-15,CC BY
pmc_PMC7464158,pmc_oa,10.3390/microorganisms8081133,2026-03-15,CC BY
pmc_PMC7464264,pmc_oa,10.3390/biology9080203,2026-03-15,CC BY
pmc_PMC7464302,pmc_oa,10.3390/plants9081017,2026-03-15,CC BY
pmc_PMC7464309,pmc_oa,10.3390/microorganisms8081174,2026-03-15,CC BY
pmc_PMC7464351,pmc_oa,10.3390/microorganisms8081207,2026-03-15,CC BY
pmc_PMC7464353,pmc_oa,10.3390/microorganisms8081221,2026-03-15,CC BY
pmc_PMC7464388,pmc_oa,10.3390/jcm9082565,2026-03-15,CC BY
pmc_PMC7464454,pmc_oa,10.3390/plants9081052,2026-03-15,CC BY
pmc_PMC7464464,pmc_oa,10.3390/genes11080872,2026-03-15,CC BY
pmc_PMC7464500,pmc_oa,10.3390/jcm9082488,2026-03-15,CC BY
pmc_PMC7464515,pmc_oa,10.3390/microorganisms8081202,2026-03-15,CC BY
pmc_PMC7464526,pmc_oa,10.3390/microorganisms8081181,2026-03-15,CC BY
pmc_PMC7464533,pmc_oa,10.3390/biom10081122,2026-03-15,CC BY
pmc_PMC7464680,pmc_oa,10.3390/cells9081793,2026-03-15,CC BY
pmc_PMC7464694,pmc_oa,10.3390/microorganisms8081094,2026-03-15,CC BY
pmc_PMC7464700,pmc_oa,10.3390/plants9081011,2026-03-15,CC BY
pmc_PMC7464741,pmc_oa,10.3390/biology9080223,2026-03-15,CC BY
pmc_PMC7464758,pmc_oa,10.3390/microorganisms8081238,2026-03-15,CC BY
pmc_PMC7464790,pmc_oa,10.3390/foods9081080,2026-03-15,CC BY
pmc_PMC7464807,pmc_oa,10.3390/microorganisms8081169,2026-03-15,CC BY
pmc_PMC7464816,pmc_oa,10.3390/molecules25163698,2026-03-15,CC BY
pmc_PMC7464877,pmc_oa,10.3390/microorganisms8081102,2026-03-15,CC BY
pmc_PMC7464897,pmc_oa,10.3390/genes11080873,2026-03-15,CC BY
pmc_PMC7464912,pmc_oa,10.3390/molecules25163590,2026-03-15,CC BY
pmc_PMC7464922,pmc_oa,10.3390/microorganisms8081217,2026-03-15,CC BY
pmc_PMC7464939,pmc_oa,10.3390/microorganisms8081129,2026-03-15,CC BY
pmc_PMC7464963,pmc_oa,10.3390/microorganisms8081134,2026-03-15,CC BY
pmc_PMC7464968,pmc_oa,10.3390/jcm9082342,2026-03-15,CC BY
pmc_PMC7464982,pmc_oa,10.3390/microorganisms8081108,2026-03-15,CC BY
pmc_PMC7464995,pmc_oa,10.3390/plants9080942,2026-03-15,CC BY
pmc_PMC7464998,pmc_oa,10.3390/biology9080194,2026-03-15,CC BY
pmc_PMC7465009,pmc_oa,10.3390/jcm9082510,2026-03-15,CC BY
pmc_PMC7465030,pmc_oa,10.3390/genes11080903,2026-03-15,CC BY
pmc_PMC7465033,pmc_oa,10.3390/microorganisms8081140,2026-03-15,CC BY
pmc_PMC7465061,pmc_oa,10.3390/genes11080858,2026-03-15,CC BY
pmc_PMC7465070,pmc_oa,10.3892/etm.2020.9012,2026-03-15,CC BY-NC-ND
pmc_PMC7465074,pmc_oa,10.3390/metabo10080332,2026-03-15,CC BY
pmc_PMC7465089,pmc_oa,10.3390/plants9080959,2026-03-15,CC BY
pmc_PMC7465157,pmc_oa,10.3390/antiox9080725,2026-03-15,CC BY
pmc_PMC7465209,pmc_oa,10.3390/microorganisms8081168,2026-03-15,CC BY
pmc_PMC7465211,pmc_oa,10.3390/ph13080195,2026-03-15,CC BY
pmc_PMC7465227,pmc_oa,10.3390/microorganisms8081212,2026-03-15,CC BY
pmc_PMC7465250,pmc_oa,10.3390/jcm9082448,2026-03-15,CC BY
pmc_PMC7465252,pmc_oa,10.3390/microorganisms8081148,2026-03-15,CC BY
pmc_PMC7465277,pmc_oa,10.3390/molecules25163618,2026-03-15,CC BY
pmc_PMC7465303,pmc_oa,10.3390/metabo10080312,2026-03-15,CC BY
pmc_PMC7465372,pmc_oa,10.3390/microorganisms8081156,2026-03-15,CC BY
pmc_PMC7465624,pmc_oa,10.3390/microorganisms8081141,2026-03-15,CC BY
pmc_PMC7465710,pmc_oa,10.3390/microorganisms8081128,2026-03-15,CC BY
pmc_PMC7465724,pmc_oa,10.1186/s12959-020-00234-x,2026-03-15,CC BY
pmc_PMC7465726,pmc_oa,10.3390/genes11080878,2026-03-15,CC BY
pmc_PMC7465771,pmc_oa,10.3390/foods9081106,2026-03-15,CC BY
pmc_PMC7465882,pmc_oa,10.1007/s00705-020-04789-y,2026-03-15,none
pmc_PMC7465996,pmc_oa,10.3390/biom10081129,2026-03-15,CC BY
pmc_PMC7466023,pmc_oa,10.3390/microorganisms8081205,2026-03-15,CC BY
pmc_PMC7466420,pmc_oa,10.1186/s12934-020-01430-0,2026-03-15,CC BY
pmc_PMC7466818,pmc_oa,10.1186/s12929-020-00685-4,2026-03-15,CC BY
pmc_PMC7467313,pmc_oa,10.1371/journal.pone.0238531,2026-03-15,CC BY
pmc_PMC7467359,pmc_oa,10.18632/aging.103721,2026-03-15,CC BY
pmc_PMC7467368,pmc_oa,10.18632/aging.103738,2026-03-15,CC BY
pmc_PMC7467405,pmc_oa,10.1007/s12325-020-01389-9,2026-03-15,CC BY-NC
pmc_PMC7467479,pmc_oa,10.1007/s12325-020-01302-4,2026-03-15,CC BY-NC
pmc_PMC7467482,pmc_oa,10.1007/s12325-020-01338-6,2026-03-15,CC BY-NC
pmc_PMC7467506,pmc_oa,10.1136/bmjgh-2020-002457,2026-03-15,CC BY-NC
pmc_PMC7468055,pmc_oa,10.1292/jvms.20-0003,2026-03-15,CC BY-NC-ND
pmc_PMC7468094,pmc_oa,10.1042/BSR20201084,2026-03-15,CC BY
pmc_PMC7468197,pmc_oa,10.1128/mBio.01410-20,2026-03-15,CC BY
pmc_PMC7468557,pmc_oa,10.1302/2046-3758.98.BJR-2020-0089.R1,2026-03-15,CC BY-NC-ND
pmc_PMC7468588,pmc_oa,10.14348/molcells.2020.0065,2026-03-15,CC BY-NC-SA
pmc_PMC7468600,pmc_oa,10.1155/2020/8406846,2026-03-15,CC BY
pmc_PMC7468629,pmc_oa,10.1155/2020/2124370,2026-03-15,CC BY
pmc_PMC7468698,pmc_oa,10.3390/nu12082315,2026-03-15,CC BY
pmc_PMC7468709,pmc_oa,10.3390/nu12082216,2026-03-15,CC BY
pmc_PMC7468713,pmc_oa,10.3390/nu12082263,2026-03-15,CC BY
pmc_PMC7468768,pmc_oa,10.3390/nu12082226,2026-03-15,CC BY
pmc_PMC7468775,pmc_oa,10.3390/nu12082171,2026-03-15,CC BY
pmc_PMC7468787,pmc_oa,10.3390/nu12082193,2026-03-15,CC BY
pmc_PMC7468801,pmc_oa,10.3390/nu12082251,2026-03-15,CC BY
pmc_PMC7468805,pmc_oa,10.3390/nu12082285,2026-03-15,CC BY
pmc_PMC7468821,pmc_oa,10.3390/nu12082236,2026-03-15,CC BY
pmc_PMC7468877,pmc_oa,10.3390/nu12082198,2026-03-15,CC BY
pmc_PMC7468882,pmc_oa,10.3390/nu12082460,2026-03-15,CC BY
pmc_PMC7468900,pmc_oa,10.3390/nu12082220,2026-03-15,CC BY
pmc_PMC7468923,pmc_oa,10.3390/nu12082347,2026-03-15,CC BY
pmc_PMC7468936,pmc_oa,10.3390/nu12082414,2026-03-15,CC BY
pmc_PMC7468961,pmc_oa,10.3390/nu12082298,2026-03-15,CC BY
pmc_PMC7468966,pmc_oa,10.3390/nu12082364,2026-03-15,CC BY
pmc_PMC7468981,pmc_oa,10.3390/nu12082474,2026-03-15,CC BY
pmc_PMC7468985,pmc_oa,10.3390/nu12082200,2026-03-15,CC BY
pmc_PMC7469011,pmc_oa,10.3390/nu12082212,2026-03-15,CC BY
pmc_PMC7469021,pmc_oa,10.3390/nu12082257,2026-03-15,CC BY
pmc_PMC7469045,pmc_oa,10.3390/nu12082378,2026-03-15,CC BY
pmc_PMC7469050,pmc_oa,10.3390/nu12082286,2026-03-15,CC BY
pmc_PMC7469321,pmc_oa,10.1186/s13148-020-00927-0,2026-03-15,CC BY
pmc_PMC7469358,pmc_oa,10.1186/s13071-020-04309-6,2026-03-15,CC BY
pmc_PMC7469462,pmc_oa,10.1093/tas/txaa146,2026-03-15,CC BY
pmc_PMC7469645,pmc_oa,10.1021/acsomega.0c03207,2026-03-15,none
pmc_PMC7469824,pmc_oa,10.1111/cas.14535,2026-03-15,CC BY-NC
pmc_PMC7470399,pmc_oa,10.1371/journal.ppat.1008758,2026-03-15,CC0
pmc_PMC7470795,pmc_oa,10.1016/S0140-6736(20)31761-X,2026-03-15,none
pmc_PMC7521323,pmc_oa,10.1111/jcmm.15718,2026-03-15,CC BY
pmc_PMC7616697,pmc_oa,10.1016/j.tbs.2024.100906,2026-03-15,CC BY
pmc_PMC8569700,pmc_oa,10.3389/fcell.2021.731712,2026-03-15,CC BY
pmc_PMC8899178,pmc_oa,10.1111/jcmm.17041,2026-03-15,CC BY
pmc_PMC8963685,pmc_oa,https://pmc.ncbi.nlm.nih.gov/articles/PMC8963685/,2026-03-15,CC BY
pmc_PMC9165260,pmc_oa,10.1007/s00259-022-05675-2,2026-03-15,CC BY
pmc_PMC9320530,pmc_oa,10.3390/medicines9070038,2026-03-15,CC BY
pmc_PMC9477314,pmc_oa,10.1371/journal.pone.0274356,2026-03-15,CC BY
pmc_PMC9555620,pmc_oa,10.1371/journal.pone.0275725,2026-03-15,CC BY
pmc_PMC9662740,pmc_oa,10.1371/journal.pone.0275603,2026-03-15,CC BY
pmc_PMC9757572,pmc_oa,10.1371/journal.pone.0275816,2026-03-15,CC BY
pmc_PMC9853011,pmc_oa,10.3389/fcell.2022.1026477,2026-03-15,CC BY
pmc_PMC9882214,pmc_oa,10.1101/2023.01.17.524014,2026-03-15,CC BY
pmc_PMC9882443,pmc_oa,10.1101/2023.01.06.23284266,2026-03-15,CC BY
pmc_PMC9934794,pmc_oa,10.1101/2023.02.06.23285560,2026-03-15,CC BY-NC-ND
pmc_PMC9934802,pmc_oa,10.1101/2023.02.08.23285634,2026-03-15,CC BY-NC-ND
pmc_PMC9959062,pmc_oa,10.3390/jpm13020343,2026-03-15,CC BY
